t_s,hands,n_emitted,camera_to_landmark_ms,landmark_to_intent_ms,total_ms
3.14846860000398,0,1,30.8723000343889,17.059799982234836,47.932100016623735
3.2785650999867357,0,0,13.969400024507195,0.02169999061152339,13.991100015118718
3.307300699991174,0,0,13.134300010278821,0.019400031305849552,13.15370004158467
3.358916600001976,0,1,14.482000027783215,0.8535999804735184,15.335600008256733
3.404171900008805,0,0,16.76889997906983,0.03570003900676966,16.8046000180766
3.465333100000862,0,0,18.814000010024756,0.021299987565726042,18.835299997590482
3.501732000033371,0,0,13.510399963706732,0.021599989850074053,13.531999953556806
3.5498563000001013,0,0,15.966799983289093,0.02500001573935151,15.991799999028444
3.6157365000108257,0,1,18.652900005690753,18.175799981690943,36.8286999873817
3.6609872999833897,0,0,16.62380003836006,0.016300007700920105,16.64010004606098
3.709860100003425,0,0,17.258499981835485,0.013700046110898256,17.272200027946383
3.7578662000014447,0,0,20.463599998038262,0.015600002370774746,20.479200000409037
3.811348600022029,0,0,15.790199977345765,0.01580000389367342,15.805999981239438
3.8533563000382856,0,1,14.64839995605871,17.637600016314536,32.28599997237325
3.919865400006529,0,0,15.609699999913573,0.019799976143985987,15.62949997605756
3.9644409000175074,0,0,13.82619998184964,0.01479999627918005,13.84099997812882
4.013729600002989,0,0,15.232100035063922,0.014599994756281376,15.246700029820204
4.060773300006986,0,1,18.009499995969236,0.6511000101454556,18.66060000611469
4.109809199988376,0,0,23.115400050301105,0.02989999484270811,23.145300045143813
4.164071900013369,0,0,17.194800020661205,0.01799996243789792,17.212799983099103
4.205898599990178,0,0,19.800800015218556,0.028499984182417393,19.829299999400973
4.2703894000151195,0,1,12.994799995794892,0.6274000043049455,13.622200000099838
4.32129019999411,0,0,15.456699999049306,0.01610000617802143,15.472800005227327
4.365420999994967,0,0,14.87090002046898,0.014399993233382702,14.885300013702363
4.413546000025235,0,0,22.065099969040602,0.01880002673715353,22.083899995777756
4.461725600005593,0,0,17.126500024460256,0.013399985618889332,17.139900010079145
4.515497900021728,0,1,16.17329998407513,16.547599982004613,32.72089996607974
4.580473500012886,0,0,18.44590000109747,0.015400000847876072,18.461300001945347
4.624671700003091,0,0,13.587300025392324,0.015900004655122757,13.603200030047446
4.676192299986724,0,0,15.35550004336983,0.019099970813840628,15.37460001418367
4.724075200036168,0,1,13.912900001741946,0.8214999688789248,14.73439997062087
4.77178280003136,0,0,17.126399965491146,0.015400000847876072,17.141799966339022
4.820516899984796,0,0,20.02410002751276,0.018700025975704193,20.042800053488463
4.884260100021493,0,0,19.625100016128272,0.013999990187585354,19.639100006315857
4.930217700020876,0,1,13.537199993152171,0.8114000083878636,14.348600001540035
4.982755700009875,0,0,16.520900011528283,0.015400000847876072,16.53630001237616
5.0277812000131235,0,0,17.824499984271824,0.01850002445280552,17.84300000872463
5.0767672000220045,0,0,20.61199996387586,0.017400016076862812,20.629399979952723
5.11949710000772,0,0,19.559399981517345,0.018000020645558834,19.577400002162904
5.1803016000194475,0,1,18.54969997657463,17.709300038404763,36.25900001497939
5.22922760003712,0,0,14.611999969929457,0.016700010746717453,14.628699980676174
5.275588800024707,0,0,12.454600015189499,0.017599959392100573,12.4721999745816
5.327155000006314,0,0,19.41200002329424,0.019799976143985987,19.431799999438226
5.3765485000330955,0,0,16.726400004699826,0.01699995482340455,16.74339995952323
5.430161099997349,0,1,19.37799999723211,17.104000027757138,36.48200002498925
5.48361749999458,0,0,15.67390002310276,0.014199991710484028,15.688100014813244
5.533462400024291,0,0,12.717499979771674,0.016400008462369442,12.733899988234043
5.585794200014789,0,0,17.200700007379055,0.02039998071268201,17.221099988091737
5.631509400031064,0,1,17.758999951183796,1.074400031939149,18.833399983122945
5.679612900014035,0,0,21.435000002384186,0.02099998528137803,21.455999987665564
5.72660170000745,0,0,17.73319998756051,0.014299992471933365,17.747499980032444
5.794236499990802,0,0,15.541600005235523,0.014199991710484028,15.555799996946007
5.840675699990243,0,1,16.13900001393631,0.7232000352814794,16.86220004921779
5.883667599991895,0,0,14.267000020481646,0.017300015315413475,14.28430003579706
5.9372141000349075,0,0,19.158199953380972,0.018600025214254856,19.176799978595227
5.983134499983862,0,0,17.73469999898225,0.022400054149329662,17.75710005313158
6.029074900026899,0,0,13.848299975506961,0.014599994756281376,13.862899970263243
6.098768400028348,0,1,20.007799961604178,6.823700037784874,26.831499999389052
6.148436399991624,0,0,18.791600014083087,0.012599979527294636,18.804199993610382
6.188541700015776,0,0,13.485900009982288,0.021099986042827368,13.506999996025115
6.238908600003924,0,0,17.387100029736757,0.01379998866468668,17.400900018401444
6.288599500025157,0,0,14.868900005239993,0.015600002370774746,14.884500007610768
6.33465850003995,0,1,13.648699969053268,0.7220000261440873,14.370699995197356
6.399806200002786,0,0,23.509800026658922,0.031000003218650818,23.540800029877573
6.445381199999247,0,0,19.55440000165254,0.01650000922381878,19.570900010876358
6.4990513999946415,0,0,15.338000026531518,0.014699995517730713,15.352700022049248
6.543227299989667,0,1,17.805500014219433,0.8142000297084451,18.619700043927878
6.58780380000826,0,0,13.077599985990673,0.014699995517730713,13.092299981508404
6.636347600026056,0,0,18.202500010374933,0.025499961338937283,18.22799997171387
6.703851600002963,0,0,20.79139999113977,0.015900004655122757,20.807299995794892
6.755215600016527,0,1,21.187299978919327,17.18339999206364,38.37069997098297
6.796220200019889,0,0,12.244399986229837,0.01610000617802143,12.260499992407858
6.849210000014864,0,0,13.188200013246387,0.014399993233382702,13.20260000647977
6.895477699988987,0,0,18.307200050912797,0.014999997802078724,18.322200048714876
6.9446048000245355,0,0,18.48470000550151,0.015099998563528061,18.499800004065037
7.004983899998479,0,1,14.831800013780594,16.93769998382777,31.769499997608364
7.054018700029701,0,0,18.02519999910146,0.013699987903237343,18.038899987004697
7.103203300037421,0,0,20.214099960867316,0.016400008462369442,20.230499969329685
7.152266999997664,0,0,13.922000012826174,0.014999997802078724,13.937000010628253
7.20175459998427,0,0,13.828100054524839,0.01729995710775256,13.845400011632591
7.243289300007746,0,1,12.196200026664883,0.9083999902941287,13.104600016959012
7.311314599995967,0,0,24.186499998904765,0.015600002370774746,24.20210000127554
7.359002400015015,0,0,19.767899997532368,0.014699995517730713,19.7825999930501
7.404432200011797,0,0,12.853899970650673,0.014500052202492952,12.868400022853166
7.455873800034169,0,1,18.404099973849952,1.4587999903596938,19.862899964209646
7.501771399984136,0,0,14.131100033409894,0.012999982573091984,14.144100015982985
7.557515599997714,0,0,13.39370000641793,0.02139998832717538,13.415099994745106
7.615330200002063,0,0,21.079200028907508,0.02819998189806938,21.107400010805577
7.665522299997974,0,1,17.965400009416044,0.825700000859797,18.79110001027584
7.709112600015942,0,0,14.797999989241362,0.015099998563528061,14.81309998780489
7.7599215999944136,0,0,19.491000042762607,0.018799968529492617,19.5098000112921
7.807459100033157,0,0,18.3732999721542,0.01580000389367342,18.389099976047873
7.851924200018402,0,0,13.057100004516542,0.01799996243789792,13.07509996695444
7.925327500037383,0,1,19.91719997022301,0.7892000139690936,20.706399984192103
7.964195700013079,0,0,12.170400004833937,0.013499986380338669,12.183899991214275
8.014876200002618,0,0,20.305000012740493,0.014499993994832039,20.319500006735325
8.06153509998694,0,0,17.746000026818365,0.014599994756281376,17.760600021574646
8.11379830003716,0,0,18.416599952615798,0.018900027498602867,18.4354999801144
8.15852310002083,0,1,19.215399981476367,17.568600014783442,36.78399999625981
8.223201400018297,0,0,20.328400016296655,0.017599959392100573,20.345999975688756
8.27707409998402,0,0,19.912500050850213,0.018499966245144606,19.931000017095357
8.320937399985269,0,0,19.015800033230335,0.016700010746717453,19.032500043977052
8.367556900018826,0,1,16.67859998997301,0.7389999809674919,17.4175999709405
8.415405400039162,0,0,20.24729998083785,0.02069998299703002,20.267999963834882
8.463108299998567,0,0,18.486600019969046,0.015099998563528061,18.501700018532574
8.525442200014368,0,0,16.397300001699477,0.014199991710484028,16.41149999340996
8.575977300002705,0,1,18.827799998689443,16.699700034223497,35.52750003291294
8.627287000010256,0,0,16.515000024810433,0.01279998105019331,16.527800005860627
8.669258799985982,0,0,15.798200038261712,0.01479999627918005,15.813000034540892
8.719678800029214,0,0,18.781099992338568,0.017400016076862812,18.79850000841543
8.769106200023089,0,0,15.416499983984977,0.014599994756281376,15.431099978741258
8.83308070001658,0,1,18.42839998425916,0.5746000097133219,19.00299999397248
8.87931980000576,0,0,21.163800032809377,0.02139998832717538,21.185200021136552
8.923098400002345,0,0,12.189000030048192,0.014299992471933365,12.203300022520125
8.980539900017902,0,0,21.796200016979128,0.023300002794712782,21.81950001977384
9.024256800010335,0,0,18.664399976842105,0.013400043826550245,18.677800020668656
9.068878200021572,0,1,13.696799986064434,0.7409999961964786,14.437799982260913
9.133139599987771,0,0,20.075300009921193,0.017300015315413475,20.092600025236607
9.184188499988522,0,0,19.614000048022717,0.0173999578692019,19.63140000589192
9.23208650003653,0,0,14.318799949251115,0.015400000847876072,14.334199950098991
9.278572299983352,0,1,21.099200006574392,17.938700038939714,39.03790004551411
9.330954600009136,0,0,19.007100025191903,0.01699995482340455,19.024099980015308
9.37524880003184,0,0,15.882199979387224,0.013399985618889332,15.895599965006113
9.42361619998701,0,0,18.174500029999763,0.017900019884109497,18.192400049883872
9.488107800018042,0,1,20.165399997495115,0.8289999677799642,20.99439996527508
9.532099200005177,0,0,12.593000021297485,0.015099998563528061,12.608100019861013
9.58536050003022,0,0,15.818099956959486,0.014999997802078724,15.833099954761565
9.627084599982481,0,0,12.50609999988228,0.013800046872347593,12.519900046754628
9.682615099998657,0,0,13.173600018490106,0.019799976143985987,13.193399994634092
9.732393199985381,0,1,18.7158000189811,17.771199985872954,36.48700000485405
9.79456080001546,0,0,17.66189996851608,0.01390004763379693,17.67580001614988
9.84038170002168,0,0,15.425499994307756,0.01899997005239129,15.444499964360148
9.892441100033466,0,0,17.925599997397512,0.016599951777607203,17.94219994917512
9.938076800026465,0,1,12.975099962204695,0.5926000303588808,13.567699992563576
9.988194000034127,0,0,13.299799989908934,0.02859998494386673,13.3283999748528
10.037830099987332,0,0,19.52600001823157,0.021499989088624716,19.547500007320195
10.099986899993382,0,0,30.447600001934916,0.01379998866468668,30.461399990599602
10.147800300037488,0,1,12.853799969889224,0.909399997908622,13.763199967797846
10.196141100022942,0,0,19.423199992161244,0.017700018361210823,19.440900010522455
10.245180100027937,0,0,19.283899979200214,0.01780001912266016,19.301699998322874
10.287107600015588,0,0,30.46929999254644,0.01910002902150154,30.48840002156794
10.331301100028213,0,0,28.132200008258224,0.02459995448589325,28.156799962744117
10.399507299996912,0,1,23.338700004387647,18.231399997603148,41.570100001990795
10.447678700031247,0,0,14.090999960899353,0.01290004001930356,14.103900000918657
10.495605800009798,0,0,29.92230001837015,0.016200006939470768,29.938500025309622
10.539762800035533,0,0,22.074699983932078,0.018599967006593943,22.093299950938672
10.594207499991171,0,0,23.22870003990829,0.01580000389367342,23.244500043801963
10.642981700017117,0,1,26.061800017487258,17.023899999912828,43.085700017400086
10.708364700025413,0,0,15.833100012969226,0.020599982235580683,15.853699995204806
10.757693400024436,0,0,17.499999958090484,0.0315000070258975,17.53149996511638
10.803693900001235,0,0,18.344799987971783,0.013500044587999582,18.358300032559782
10.851760699995793,0,1,17.717999988235533,1.0720000136643648,18.790000001899898
10.899923900025897,0,0,17.948799999430776,0.013399985618889332,17.962199985049665
10.94968910003081,0,0,17.787099990528077,0.031000003218650818,17.818099993746728
11.013347300002351,0,0,18.32309999736026,0.015199999324977398,18.338299996685237
11.059788900020067,0,1,17.72609999170527,16.676299972459674,34.40239996416494
11.10508700000355,0,0,12.765299994498491,0.01910002902150154,12.784400023519993
11.155505100032315,0,0,16.931199992541224,0.021199986804276705,16.9523999793455
11.199446699989494,0,0,16.821900033392012,0.014399993233382702,16.836300026625395
11.250028799986467,0,0,14.52140003675595,0.014699995517730713,14.53610003227368
11.31343039998319,0,1,21.846000046934932,0.8823999669402838,22.728400013875216
11.356448700011242,0,0,18.333100015297532,0.019599974621087313,18.35269998991862
11.40653989999555,0,0,16.003600030671805,0.017000013031065464,16.02060004370287
11.454333300003782,0,0,16.313300002366304,0.017200014553964138,16.33050001692027
11.506471700035036,1,0,32.384099962655455,0.015199999324977398,32.39929996198043
11.54741830000421,1,1,22.537800017744303,1.1396000045351684,23.67740002227947
11.61119000002509,1,0,26.502499997150153,0.18119998276233673,26.68369997991249
11.665568199998233,1,0,27.520000003278255,0.18279999494552612,27.70279999822378
11.708896299998742,1,1,24.22429999569431,0.972100009676069,25.19640000537038
11.758554900006857,1,0,30.95049998955801,0.2384000108577311,31.188900000415742
11.805782500014175,1,0,27.072099968791008,0.17579999985173345,27.24789996864274
11.852997299982235,1,0,24.803200038149953,0.1634999644011259,24.96670000255108
11.919478900032118,1,1,30.683399992994964,16.65599999250844,47.339399985503405
11.969211200019345,1,0,24.385099997743964,0.15709997387602925,24.542199971619993
12.01260319998255,1,0,23.549300036393106,0.15599996550008655,23.705300001893193
12.063072599994484,1,0,31.57430002465844,0.17710000975057483,31.751400034409016
12.107324999989942,1,0,23.634200042579323,0.14570000348612666,23.77990004606545
12.159536399994977,1,1,28.040200006216764,17.323600011877716,45.36380001809448
12.223926200007554,1,0,28.250299976207316,0.15490001533180475,28.40519999153912
12.267571999982465,1,0,22.239600017201155,0.18360000103712082,22.423200018238276
12.317678200022783,1,0,30.42309999000281,0.222400005441159,30.64549999544397
12.365006200037897,1,1,24.816099961753935,0.8367000264115632,25.652799988165498
12.414596099988557,1,0,23.885300033725798,0.16599998343735933,24.051300017163157
12.464823700021952,1,0,26.59749996382743,0.16830000095069408,26.765799964778125
12.52757630002452,1,0,35.81729996949434,0.17640000442042947,35.99369997391477
12.572714300011285,1,1,27.87490002810955,16.71679998980835,44.5917000179179
12.622891400009394,1,0,23.764299985487014,0.1431000418961048,23.90740002738312
12.667676899989601,1,0,30.30350001063198,0.16170000890269876,30.465200019534677
12.718853800033685,1,0,32.39409998059273,0.19099999917671084,32.58509997976944
12.764486200001556,1,0,25.035300001036376,0.15700003132224083,25.192300032358617
12.828878200030886,1,1,24.936300003901124,0.9336999501101673,25.86999995401129
12.88163890002761,1,0,27.53560000564903,0.14439999358728528,27.679999999236315
12.924394700035919,1,0,26.09539998229593,0.1753999968059361,26.270799979101866
12.974966200010385,1,0,27.512400003615767,0.17770001431927085,27.690100017935038
13.020979600027204,1,0,25.4968999652192,0.16840000171214342,25.665299966931343
13.070358299999498,1,1,27.532200037967414,0.997799972537905,28.53000001050532
13.136000700003933,1,0,27.189199987333268,0.14479999663308263,27.33399998396635
13.179862299992237,1,1,23.008999996818602,0.9593000286258757,23.968300025444478
13.228668900032062,1,1,26.257299992721528,1.0936000035144389,27.350899996235967
13.280086999991909,1,0,23.81360001163557,0.14489999739453197,23.958500009030104
13.326218400034122,1,0,23.96619995124638,0.16220001270994544,24.128399963956326
13.371989500010386,1,0,23.530000005848706,0.14640000881627202,23.676400014664978
13.439484300033655,1,1,34.85009999712929,17.26499997312203,52.11509997025132
13.495433600037359,1,0,28.437399945687503,0.14190003275871277,28.579299978446215
13.532412000000477,1,0,23.304700036533177,0.13919995399191976,23.443899990525097
13.58222250000108,1,0,28.764599992427975,0.17040001694113016,28.935000009369105
13.629365600005258,1,0,28.25139998458326,0.16690004849806428,28.418300033081323
13.679185700020753,1,1,23.980900004971772,6.683099956717342,30.663999961689115
13.742074300011154,1,0,27.49990002484992,0.16939995111897588,27.669299975968897
13.789785300032236,1,0,24.156700004823506,0.15439995331689715,24.311099958140403
13.839095300005283,1,0,26.51629998581484,0.1598999951966107,26.67619998101145
13.883989299996756,1,1,24.125700001604855,0.8498000097461045,24.97550001135096
13.93282879999606,1,0,29.631100012920797,0.18470000941306353,29.81580002233386
13.982388800010085,1,0,24.71610001521185,0.15360000543296337,24.869700020644814
14.049868700036313,1,0,32.63549995608628,0.14100002590566874,32.77649998199195
14.094661500013899,1,1,22.910500003490597,1.1860000086016953,24.096500012092292
14.140857000020333,1,0,25.21859999978915,0.1680999994277954,25.386699999216944
14.188285899988841,1,0,24.45389999775216,0.23170001804828644,24.685600015800446
14.241845900018234,1,0,26.131699967663735,0.15600002370774746,26.287699991371483
14.28393390000565,1,0,30.222300032619387,0.19419996533542871,30.416499997954816
14.335620300029404,1,1,28.51479995297268,0.9808000177145004,29.49559997068718
14.399275900039356,1,0,29.924799979198724,0.1414999715052545,30.06629995070398
14.446132500015665,1,0,24.669700011145324,0.16200001118704677,24.83170002233237
14.495888000004925,1,0,23.851700010709465,0.3781999694183469,24.22989998012781
14.539596799993888,1,1,22.892700042575598,0.8004999835975468,23.693200026173145
14.589666099986061,1,0,31.629100034479052,0.15999999595806003,31.789100030437112
14.63703019998502,1,0,24.107700039166957,0.15159999020397663,24.259300029370934
14.7109626000165,1,0,25.418100005481392,0.2025999710895121,25.620699976570904
14.748761299997568,1,1,27.803300006780773,17.466199991758913,45.269499998539686
14.799079600023106,1,0,29.80540000135079,0.1613000058569014,29.96670000720769
14.846296900010202,1,0,28.308400011155754,0.1469000126235187,28.455300023779273
14.89465630002087,1,1,23.961499973665923,1.027700025588274,24.989199999254197
14.94021640002029,1,1,30.8468000148423,0.692299974616617,31.53909998945892
15.003864000027534,1,0,24.706700001843274,0.1686000032350421,24.875300005078316
15.05260300001828,1,0,24.583699996583164,0.14349998673424125,24.727199983317405
15.104701600037515,1,0,26.95459994720295,0.14570000348612666,27.100299950689077
15.14871249999851,1,1,24.293599999509752,0.9671000298112631,25.260700029321015
15.197371200018097,1,0,24.797999998554587,0.14369998825713992,24.941699986811727
15.244839299994055,1,0,33.47419999772683,0.16029999824240804,33.634499995969236
15.311559900001157,1,0,30.775499995797873,0.14399999054148793,30.91949998633936
15.357603700016625,1,1,24.242400017101318,6.091699993703514,30.334100010804832
15.40454120002687,1,0,32.692099979612976,0.16980001237243414,32.86189999198541
15.451700300036464,1,0,24.98409996042028,0.18710002768784761,25.17119998810813
15.501238500000909,1,0,26.7384999897331,0.15630002599209547,26.894800015725195
15.55065290001221,1,0,28.251699986867607,0.19869999960064888,28.450399986468256
15.614860600035172,1,1,32.48299995902926,16.63399999961257,49.11699995864183
15.666741500026546,1,0,24.44939996348694,0.21680002100765705,24.666199984494597
15.709827399987262,1,0,23.68959999876097,0.17950002802535892,23.869100026786327
15.75742869998794,1,0,28.02470000460744,0.16679998952895403,28.191499994136393
15.806131099991035,1,0,27.908499992918223,0.1686000032350421,28.077099996153265
15.852868899994064,1,1,25.04229999613017,0.9355000220239162,25.977800018154085
15.917164899990894,1,0,29.911799996625632,0.18070003716275096,30.092500033788383
15.963743900007103,1,0,28.82900001714006,0.18959998851642013,29.01860000565648
16.016958400025032,1,0,28.17429997958243,0.1438999897800386,28.318199969362468
16.05931939999573,1,1,25.614699989091605,0.9947000071406364,26.60939999623224
16.110393800016027,1,0,27.293599967379123,0.22140005603432655,27.51500002341345
16.157531400036532,1,0,33.403399982489645,0.1993000041693449,33.60269998665899
16.22113600000739,1,0,32.230100012384355,0.1446999958716333,32.37480000825599
16.268296400026884,1,1,25.602599955163896,1.0099000064656138,26.61249996162951
16.316896000003908,1,0,25.58760001556948,0.15129998791962862,25.738900003489107
16.364140600024257,1,0,28.865700005553663,0.20949996542185545,29.07519997097552
16.41199880000204,1,0,27.72830001777038,0.14630000805482268,27.874600025825202
16.46055180003168,1,0,28.308199951425195,0.25200005620718,28.560200007632375
16.53173719998449,1,1,29.116000048816204,17.320599989034235,46.43660003785044
16.581557299999986,1,0,32.58360002655536,0.14509999891743064,32.72870002547279
16.619562899984885,1,0,22.924700053408742,0.16729999333620071,23.092000046744943
16.669973100011703,1,0,31.781000026967376,0.18639996415004134,31.967399991117418
16.71677840000484,1,0,23.05670001078397,0.17790001584216952,23.23460002662614
16.767593700031284,1,1,29.4243999524042,17.764000047463924,47.188399999868125
16.830581600021105,1,0,33.748899993952364,0.17289997776970267,33.921799971722066
16.876794899988454,1,0,29.325800016522408,0.14680001186206937,29.472600028384477
16.927338000037707,1,0,23.725299979560077,0.18039997667074203,23.90569995623082
16.97221360000549,1,1,24.73250002367422,0.769799982663244,25.502300006337464
17.020807199995033,1,0,37.06659999443218,0.1895000459626317,37.25610004039481
17.068596800032537,1,0,27.21689996542409,0.14860002556815743,27.365499990992248
17.13261120003881,1,0,26.062199962325394,0.15460001304745674,26.21679997537285
17.181259100034367,1,1,26.18869999423623,0.8282999624498188,27.01699995668605
17.228438500023913,1,0,24.565399973653257,0.1446999958716333,24.71009996952489
17.276574400020763,1,0,27.109799964819103,0.21980004385113716,27.32960000867024
17.326873200014234,1,0,30.675699992571026,0.16460003098472953,30.840300023555756
17.37140400003409,1,0,23.79169996129349,0.16789999790489674,23.959599959198385
17.437072000000626,1,1,25.52660001674667,17.187000019475818,42.71360003622249
17.48429059999762,1,0,25.623399997130036,0.14340004418045282,25.76680004131049
17.531312700011767,1,0,22.929999977350235,0.14640000881627202,23.076399986166507
17.579408399993554,1,0,29.43340002093464,0.14899997040629387,29.582399991340935
17.630881800025236,1,0,25.108199974056333,0.16960001084953547,25.27779998490587
17.676296700024977,1,1,23.951999959535897,0.9701000526547432,24.92210001219064
17.74259420001181,1,0,29.410700022708625,0.1674999948590994,29.578200017567724
17.788780200004112,1,0,24.195400008466095,0.14730001566931605,24.34270002413541
17.836121500004083,1,0,22.984599985647947,0.1824000501073897,23.167000035755336
17.8839240000234,1,1,23.749199986923486,0.7155999774113297,24.464799964334816
17.933722499990836,1,0,34.3039000290446,0.19230000907555223,34.49620003812015
17.980488100030925,1,0,23.02409999538213,0.14479999663308263,23.168899992015213
18.04505539999809,1,0,27.379400038626045,0.14519999967887998,27.524600038304925
18.09288100001868,1,1,23.284499999135733,8.032099984120578,31.31659998325631
18.141888900019694,1,0,28.068699990399182,0.18229999113827944,28.25099998153746
18.189114800014067,1,0,29.14459997555241,0.15320000238716602,29.297799977939576
18.236255900003016,1,0,23.9593000151217,0.14939997345209122,24.10869998857379
18.284633600036614,1,0,25.293499988038093,0.2212999970652163,25.51479998510331
18.354508500022348,1,1,30.73259996017441,1.0238000540994108,31.756400014273822
18.397263400023803,1,0,24.64189997408539,0.15239999629557133,24.794299970380962
18.443071599991526,1,0,22.061499999836087,0.14640000881627202,22.20790000865236
18.49227789998986,1,0,24.398900044616312,0.15139998868107796,24.55030003329739
18.5458771000267,1,0,23.186300008092076,0.1411999692209065,23.327499977312982
18.588183799991384,1,1,23.79450004082173,0.8820999646559358,24.676600005477667
18.655613599985372,1,0,28.90020003542304,0.1430999836884439,29.043300019111484
18.699488200014457,1,0,22.861499979626387,0.15380000695586205,23.01529998658225
18.751307200000156,1,0,24.814700009301305,0.172699976246804,24.98739998554811
18.79771700000856,1,1,31.87950002029538,17.421600001398474,49.301100021693856
18.850859400001355,1,0,28.308400011155754,0.13910001143813133,28.447500022593886
18.891524100035895,1,0,24.9885999946855,0.17690000822767615,25.165500002913177
18.96185299998615,1,0,28.98480003932491,0.15849998453631997,29.14330002386123
19.00516440003412,1,1,23.25539995217696,1.0097000049427152,24.265099957119673
19.051447100006044,1,0,23.687499982770532,0.1428000396117568,23.83030002238229
19.104841499996837,1,0,28.163200011476874,0.19300001440569758,28.356200025882572
19.14743740000995,1,0,23.029699979815632,0.17559999832883477,23.205299978144467
19.1991030999925,1,0,26.494699995964766,0.19809999503195286,26.69279999099672
19.265288299997337,1,1,30.176900036167353,17.49609998660162,47.673000022768974
19.31675019999966,1,0,28.579400037415326,0.2449000021442771,28.824300039559603
19.358655199990608,1,0,23.21060001850128,0.14540000120177865,23.35600001970306
19.406122200016398,1,0,28.414900007192045,0.1406999654136598,28.555599972605705
19.452924599987455,1,0,22.999500040896237,0.16090000281110406,23.16040004370734
19.49982700002147,1,1,32.43730001850054,0.7409999961964786,33.178300014697015
19.548262000025716,1,0,31.22179995989427,0.18510001245886087,31.40689997235313
19.615883900027256,1,0,31.88429999863729,0.20969996694475412,32.09399996558204
19.662304099998437,1,0,22.503699990920722,0.15410000924021006,22.657800000160933
19.70950900000753,1,1,24.88799998536706,0.8747000247240067,25.762700010091066
19.758946800022386,1,0,26.364199991803616,0.17910002497956157,26.543300016783178
19.805128899984993,1,0,34.11830001277849,0.15969999367371202,34.2780000064522
19.851137900026515,1,0,23.53810000931844,0.20189996575936675,23.739999975077808
19.916905499994755,1,1,24.65080004185438,0.976799987256527,25.62760002911091
19.966234599996824,1,0,32.41570002865046,0.24610001128166914,32.66180003993213
20.014438099984545,1,0,29.427000030409545,0.16240001423284411,29.58940004464239
20.062076000031084,1,0,26.98149997740984,0.1398000167682767,27.121299994178116
20.111961200018413,1,0,26.893100002780557,0.16060000052675605,27.053700003307313
20.16035489999922,1,1,24.060300027485937,17.63720001326874,41.697500040754676
20.221560000034515,1,0,30.07649997016415,0.1824999926611781,30.258999962825328
20.26868049998302,1,0,24.39330000197515,0.19190000602975488,24.585200008004904
20.320719100011047,1,0,24.616100010462105,0.2597999991849065,24.87590000964701
20.36401850002585,1,1,23.437099996954203,0.9407000034116209,24.377800000365824
20.415824300027452,1,0,30.501400004141033,0.18209998961538076,30.683499993756413
20.45999090000987,1,0,27.863399998750538,0.1666999887675047,28.030099987518042
20.525991300004534,1,1,28.27960002468899,0.7810000097379088,29.060600034426898
20.574243600014597,1,1,24.021300021559,0.8817999623715878,24.903099983930588
20.62199650000548,1,0,25.564300012774765,0.18209998961538076,25.746400002390146
20.669135500036646,1,0,23.92659999895841,0.14059996465221047,24.06719996361062
20.717931999999564,1,0,30.148099991492927,0.15430001076310873,30.302400002256036
20.763916600029916,1,0,24.453099991660565,0.1996000064536929,24.652699998114258
20.833951200009324,1,1,31.735300028230995,16.61609997972846,48.351400007959455
20.885956300015096,1,0,30.924500024411827,0.14699995517730713,31.071499979589134
20.923331700032577,1,0,24.115499982144684,0.17469999147579074,24.290199973620474
20.97512210003333,1,0,31.022399954963475,0.208800018299371,31.231199973262846
21.023362400010228,1,0,23.91160000115633,0.201700022444129,24.11330002360046
21.07078230002662,1,1,26.230999967083335,0.756499997805804,26.98749996488914
21.135427900007926,1,0,32.035799988079816,0.1732000382617116,32.20900002634153
21.179348700039554,1,0,22.804299951530993,0.16759999562054873,22.97189994715154
21.230681699991692,1,0,23.710500041488558,0.1558999647386372,23.866400006227195
21.27887889998965,1,1,25.909600022714585,1.1189000215381384,27.028500044252723
21.323827999993227,1,0,22.760100022424012,0.14540000120177865,22.90550002362579
21.373690899985377,1,0,30.781000037677586,0.14019996160641313,30.921199999284
21.442359499982558,1,0,27.141100028529763,0.14509999891743064,27.286200027447194
21.484575600014068,1,1,22.343499993439764,0.9379999828524888,23.281499976292253
21.532983399985824,1,0,30.235800018999726,0.15350000467151403,30.38930002367124
21.579894300026353,1,0,31.553299981169403,0.17319998005405068,31.726499961223453
21.629985600011423,1,0,29.101199994329363,0.1422999775968492,29.243499971926212
21.67591570003424,1,0,31.47940000053495,0.2402999671176076,31.71969996765256
21.747180100006517,1,1,31.706599984318018,16.405300004407763,48.11189998872578
21.79834129998926,1,0,25.337500032037497,0.14099996769800782,25.478499999735504
21.837564399989787,1,0,22.755800047889352,0.1851999550126493,22.941000002902
21.886076499999035,1,0,29.2901000357233,0.17939996905624866,29.469500004779547
21.936130099988077,1,0,26.159600005485117,0.1477000187151134,26.30730002420023
21.979754400032107,1,1,32.19870000611991,1.0476999450474977,33.246399951167405
22.047867299988866,1,0,29.166400025133044,0.14139997074380517,29.30779999587685
22.09149860002799,1,0,22.341999982018024,0.14900002861395478,22.49100001063198
22.14146489999257,1,0,22.8476999909617,0.15590002294629812,23.003600013908
22.188178199983668,1,1,33.575600013136864,16.99400000507012,50.569600018206984
22.24159749998944,1,0,32.30340004665777,0.9088999941013753,33.212300040759146
22.286316599987913,1,0,23.285900009796023,0.17499999376013875,23.460900003556162
22.351168200024404,1,0,32.200399960856885,0.17340003978461027,32.373800000641495
22.395970700017642,1,1,26.68830001493916,0.9283999679610133,27.616699982900172
22.44338140002219,1,0,22.47440000064671,0.16549997963011265,22.639899980276823
22.492027700005565,1,0,31.853299995418638,0.16880000475794077,32.02210000017658
22.539183699991554,1,0,22.06690004095435,0.15380000695586205,22.220700047910213
22.58882340003038,1,0,25.24210000410676,0.1691999495960772,25.411299953702837
22.658340400026646,1,1,29.916799976490438,2.5987999979406595,32.5155999744311
22.700459100014996,1,0,23.22679996723309,0.15900004655122757,23.38580001378432
22.750331000017468,1,0,27.431299968156964,0.14380004722625017,27.575100015383214
22.795869900030084,1,0,22.27749995654449,0.14830002328380942,22.425799979828298
22.846872700029053,1,0,28.43810000922531,0.1446999958716333,28.582800005096942
22.89220080000814,1,1,30.222399975173175,17.90840004105121,48.130800016224384
22.959140399994794,1,0,29.47790001053363,0.18510001245886087,29.66300002299249
23.003243800019845,1,0,24.479899962898344,0.14940003165975213,24.629299994558096
23.05524160002824,1,0,24.36179999494925,0.15629996778443456,24.518099962733686
23.10139620001428,1,1,31.1816000030376,0.8630999946035445,32.044699997641146
23.149796099984087,1,0,25.1072000246495,0.14100002590566874,25.24820005055517
23.197152200038545,1,0,23.612799996044487,0.14049996389076114,23.753299959935248
23.263473300030455,1,0,29.26039998419583,0.14359998749569058,29.40399997169152
23.308701500005554,1,1,22.881300013978034,0.7922999793663621,23.673599993344396
23.35505250003189,1,0,23.031999997328967,0.1854999572969973,23.217499954625964
23.403916999988724,1,0,23.11579999513924,0.17850002041086555,23.294300015550107
23.455703400017228,1,0,27.658100007101893,0.15410000924021006,27.812200016342103
23.500850400014315,1,0,22.955199994612485,0.18610002007335424,23.14130001468584
23.569447299989406,1,1,30.734100029803813,17.636700009461492,48.370800039265305
23.621174700034317,1,0,29.164299950934947,0.1379000023007393,29.302199953235686
23.65925160003826,1,0,22.989099961705506,0.15390000771731138,23.142999969422817
23.70876980002504,1,0,23.00929999910295,0.14749995898455381,23.156799958087504
23.757386400015093,1,0,22.684499970637262,0.14700001338496804,22.83149998402223
23.805377000011504,1,1,30.69280000636354,1.3033999712206423,31.996199977584183
23.871171000006143,1,0,30.058500007726252,0.15739997616037726,30.21589998388663
23.918321700009983,1,0,23.075599980074912,0.14300004113465548,23.218600021209568
23.965625800017733,1,0,23.4372999984771,0.16599998343735933,23.60329998191446
24.01311060000444,1,1,27.14590000687167,0.8706999942660332,28.016600001137704
24.06024459999753,1,0,29.48530000867322,0.16190001042559743,29.64720001909882
24.11067980004009,1,0,25.820299983024597,0.15189999248832464,25.972199975512922
24.176563600020017,1,0,26.82570001343265,0.14669995289295912,26.97239996632561
24.222109900030773,1,1,31.342300004325807,0.7894999580457807,32.13179996237159
24.26939139998285,1,0,24.354400055017322,0.1453000004403293,24.49970005545765
24.3200353999855,1,0,27.979100006632507,0.16190001042559743,28.141000017058104
24.36447000002954,1,0,29.576700006145984,0.15949999215081334,29.736199998296797
24.412696400017012,1,0,29.72079999744892,0.16639998648315668,29.887199983932078
24.46315229998436,1,1,27.860800037160516,18.30990001326427,46.170700050424784
24.52725109999301,1,0,27.08950004307553,0.14169997302815318,27.231200016103685
24.57243290002225,1,0,23.12779997009784,0.19970000721514225,23.327499977312982
24.62272640003357,1,0,27.54749997984618,0.14630000805482268,27.693799987901002
24.66884530003881,1,1,22.437799954786897,0.9225000394508243,23.36029999423772
24.71728169999551,1,0,25.565900024957955,0.15279999934136868,25.718700024299324
24.767532400030177,1,0,23.24329997645691,0.1531000016257167,23.396399978082627
24.833325000014156,1,0,28.429900004994124,0.14179997378960252,28.571699978783727
24.876602000033017,1,1,22.54549995996058,0.7755000260658562,23.320999986026436
24.92526899999939,1,0,27.2792000323534,0.14459999511018395,27.423800027463585
24.972637900034897,1,0,31.570399994961917,0.14029996236786246,31.71069995732978
25.021496500005014,1,0,25.80080000916496,0.1981999957934022,25.99900000495836
25.069297800015192,1,0,26.444100018125027,0.145800004247576,26.589900022372603
25.138355500006583,1,1,32.9875000170432,17.56760000716895,50.55510002421215
25.19189010001719,1,0,31.16389998467639,0.14180003199726343,31.305700016673654
25.227311700000428,1,0,23.505199991632253,0.1702000154182315,23.675400007050484
25.279294100007974,1,0,31.16720000980422,0.1996000064536929,31.366800016257912
25.326886299997568,1,0,22.842600010335445,0.12969999806955457,22.972300008405
25.371065000013914,1,1,17.96600001398474,0.6249999860301614,18.5910000000149
25.434464499994647,1,0,16.859600029420108,0.13070000568404794,16.990300035104156
25.48311020003166,1,0,17.738499969709665,0.1297999988310039,17.86829996854067
25.53140279999934,1,0,17.644900013692677,0.12969999806955457,17.77460001176223
25.578484800003935,1,1,17.735800007358193,0.5726999952457845,18.308500002603978
25.6270799000049,1,0,17.974100017454475,0.1330999657511711,18.107199983205646
25.674279700033367,1,0,17.372699978295714,0.13270002091303468,17.50539999920875
25.7383554999833,1,0,17.859600018709898,0.13240001862868667,17.992000037338585
25.78740780003136,1,1,24.906799953896552,0.7039000047370791,25.61069995863363
25.834347099997103,1,0,18.713099998421967,0.12199999764561653,18.835099996067584
25.88234910002211,1,0,16.311399987898767,0.18099998123943806,16.492399969138205
25.930787799996324,1,0,15.977300005033612,0.12809998588636518,16.105399990919977
25.97863690002123,1,0,16.405200003646314,0.11939997784793377,16.524599981494248
26.044535399996676,1,1,16.542900004424155,0.5794999888166785,17.122399993240833
26.090260500030126,1,0,16.699599975254387,0.13230001786723733,16.831899993121624
26.138451000035275,1,0,17.16999994823709,0.12580002658069134,17.295799974817783
26.186299099994358,1,0,18.3617000002414,0.1382000045850873,18.499900004826486
26.235622100008186,1,0,16.696500009857118,0.10870001278817654,16.805200022645295
26.282647599990014,1,1,16.950300021562725,17.946099978871644,34.89640000043437
26.346522400039248,1,0,17.550599994137883,0.1251999638043344,17.675799957942218
26.39427450002404,1,0,17.228499986231327,0.12149999383836985,17.349999980069697
26.444332899991423,1,0,17.05770002445206,0.10830000974237919,17.16600003419444
26.490502700034995,1,1,17.51529995817691,0.869500043336302,18.384800001513213
26.53860969998641,1,0,16.670500044710934,0.1943999668583274,16.86490001156926
26.58703809999861,1,0,16.904800024349242,0.11239998275414109,17.017200007103384
26.650545099982992,1,0,18.989400006830692,0.12929999502375722,19.11870000185445
26.699402900005225,1,1,17.135699978098273,0.7011000416241586,17.836800019722432
26.746412799984682,1,0,17.132900014985353,0.11860002996399999,17.251500044949353
26.794888200005516,1,0,16.84860000386834,0.1650999765843153,17.013699980452657
26.843869999982417,1,0,16.984000045340508,0.11849997099488974,17.102500016335398
26.890908500005025,1,0,16.227099986281246,0.12939999578520656,16.356499982066453
26.95563039998524,1,1,16.12000004388392,16.741800005547702,32.86180004943162
27.002123899990693,1,0,16.476200020406395,0.11560000712051988,16.591800027526915
27.05068340001162,1,0,16.1896999925375,0.11770002311095595,16.307400015648454
27.099022200040054,1,0,16.385599970817566,0.12049998622387648,16.506099957041442
27.14797659998294,1,0,16.88280003145337,0.10830000974237919,16.99110004119575
27.194719700026326,1,1,17.462499963585287,18.091300036758184,35.55380000034347
27.26061260001734,1,0,16.427199996542186,0.14760001795366406,16.57480001449585
27.307070799986832,1,0,17.163600015919656,0.13470003614202142,17.298300052061677
27.35563499998534,1,0,16.905500029679388,0.11750002158805728,17.023000051267445
27.403036200033966,1,1,16.866099962498993,0.9208000265061855,17.786899989005178
27.452176499995403,1,0,18.679100030567497,0.1251999638043344,18.80429999437183
27.498989599989727,1,0,15.62370004830882,0.11699995957314968,15.74070000788197
27.563300499983598,1,0,17.6919000223279,0.11520000407472253,17.807100026402622
27.611181500018574,1,1,17.75120000820607,0.9640000062063336,18.715200014412403
27.659484800009523,1,0,17.03099999576807,0.11309998808428645,17.144099983852357
27.706816899997648,1,0,15.973600035067648,0.14089996693655849,16.114500002004206
27.754344600019976,1,0,16.579499992076308,0.1173000200651586,16.696800012141466
27.802830400003586,1,0,18.45810003578663,0.13779994333162904,18.595899979118258
27.867789099982474,1,1,16.895200009457767,17.26530003361404,34.160500043071806
27.91430170001695,1,0,18.263400008436292,0.14999997802078724,18.41339998645708
27.962679799995385,1,0,16.61890000104904,0.13180001405999064,16.750700015109032
28.010677299986128,1,0,17.929400026332587,0.13350002700462937,18.062900053337216
28.061898300016765,1,0,20.264199993107468,0.11490000179037452,20.379099994897842
28.106284499983303,1,1,18.484200001694262,0.6796000525355339,19.163800054229796
28.17040350002935,1,0,18.061399983707815,0.11989998165518045,18.181299965362996
28.218316400016192,1,0,18.224100000225008,0.13100000796839595,18.355100008193403
28.267689700005576,1,0,19.420100026763976,0.12489996151998639,19.544999988283962
28.31465290003689,1,1,18.278899951837957,0.9220000356435776,19.200899987481534
28.362827100034337,1,0,17.753399966750294,0.14190003275871277,17.895299999509007
28.41056180000305,1,0,17.181500035803765,0.1267999759875238,17.30830001179129
28.476199900032952,1,0,24.116699991282076,0.15949999215081334,24.27619998343289
28.52439500001492,1,1,24.181000015232712,0.8866999996826053,25.067700014915317
28.572286600014195,1,0,25.86579998023808,0.20599999697878957,26.07179997721687
28.62046940001892,1,0,28.18600001046434,0.1821999903768301,28.36820000084117
28.667988900037017,1,0,24.56339995842427,0.16659998800605536,24.729999946430326
28.71528970001964,1,0,27.490100008435547,0.1715999678708613,27.66169997630641
28.780346299987286,1,1,26.63760003633797,0.699999975040555,27.337600011378527
28.82753930002218,1,0,25.039699976332486,0.16110000433400273,25.20079998066649
28.87652019999223,1,0,28.192300000227988,0.14790002023801208,28.340200020466
28.924888900015503,1,0,26.865300023928285,0.3752999473363161,27.2405999712646
28.973375700006727,1,0,28.912600013427436,0.14209997607395053,29.054699989501387
29.019264600006863,1,1,25.489200023002923,16.60149998497218,42.0907000079751
29.083345299994107,1,0,40.19190004328266,0.2793999738059938,40.47130001708865
29.131475000001956,1,0,32.10950002539903,0.15469995560124516,32.264199981000274
29.1801306999987,1,0,26.834400021471083,0.18829997861757874,27.022700000088662
29.227234599995427,1,1,26.747700001578778,1.707900024484843,28.45560002606362
29.27527939999709,1,0,25.583699985872954,0.17280003521591425,25.75650002108887
29.32404310000129,1,0,25.63190000364557,0.15279999934136868,25.784700002986938
29.38815200002864,1,0,30.903699982445687,0.16250001499429345,31.06619999743998
29.436462400015444,1,1,23.75029999529943,0.8000999805517495,24.550399975851178
29.48331420001341,1,0,25.026099989190698,0.17950002802535892,25.205600017216057
29.53256230003899,1,0,30.450799968093634,0.18560001626610756,30.63639998435974
29.580642900022212,1,0,27.07179996650666,0.41550002060830593,27.487299987114966
29.628514000040013,1,0,27.251899999100715,0.5438999505713582,27.795799949672073
29.678010700037703,1,1,36.14309994736686,1.0318999993614852,37.17499994672835
29.74285510001937,1,0,49.11049996735528,0.23210002109408379,49.342599988449365
29.79585410002619,1,0,52.17879998963326,0.3174999728798866,52.49629996251315
29.851635900035035,1,0,36.704399972222745,0.25019998429343104,36.95459995651618
29.891380899993237,1,1,48.81539999041706,17.012400028761476,65.82780001917854
29.959742999984883,1,0,41.62470001028851,0.14409999130293727,41.768800001591444
30.004865400027484,1,0,39.155000005848706,0.24179997853934765,39.39679998438805
30.047222600027453,1,0,43.228099995758384,0.3934999695047736,43.62159996526316
30.095045700029004,1,1,70.30389999272302,17.706400016322732,88.01030000904575
30.186323200003244,1,0,27.65430003637448,0.17279997700825334,27.827100013382733
30.217999799991958,1,0,40.52209999645129,0.18040003487840295,40.70250003132969
30.26149110001279,1,0,27.54909999202937,0.1737999846227467,27.722899976652116
30.292469100037124,1,0,24.135599960573018,0.1724000321701169,24.307999992743134
30.350083100027405,1,1,42.88759996416047,0.929800036828965,43.81740000098944
30.397144999995362,1,0,36.81310004321858,0.23449998116120696,37.04760002437979
30.444891199993435,1,0,25.445800041779876,0.16979995416477323,25.61559999594465
30.492639300005976,1,0,29.091000033076853,0.15499995788559318,29.245999990962446
30.543216500023846,1,0,25.295900006312877,0.27659995248541236,25.57249995879829
30.58976130001247,1,1,43.56409999309108,1.3013000134378672,44.865400006528944
30.652042800036725,1,0,30.498199979774654,0.16960001084953547,30.66779999062419
30.69957960001193,1,0,29.16969999205321,0.24199998006224632,29.411699972115457
30.749002900032792,1,0,37.70389995770529,0.23720000172033906,37.94109995942563
30.79569060000358,1,1,39.62260001571849,1.2120999745093286,40.83469999022782
30.844036700029392,1,0,29.346399998757988,0.1506999833509326,29.49709998210892
30.892391800007317,1,0,38.55549998115748,0.18010003259405494,38.73560001375154
30.95649459998822,1,0,31.237900024279952,0.15159999020397663,31.38950001448393
31.005113399995025,1,1,29.959200008306652,0.9790000040084124,30.938200012315065
31.052379600005224,1,0,31.958499981556088,0.32110000029206276,32.27959998184815
31.099945900030434,1,0,28.48209999501705,0.1702999579720199,28.65239995298907
31.14869970001746,1,0,28.389799990691245,0.15799998072907329,28.547799971420318
31.195439300034195,1,0,40.10409995680675,0.16170000890269876,40.26579996570945
31.263097000017297,1,1,43.85289998026565,1.6634000348858535,45.5163000151515
31.311928800016176,1,0,49.195799976587296,0.2245000214315951,49.42029999801889
31.364421600010246,1,0,40.8686000155285,0.1555999624542892,41.02419997798279
31.40834530000575,1,0,34.66820000903681,0.23309997050091624,34.901299979537725
31.452662700030487,1,0,25.178799987770617,0.16599998343735933,25.344799971207976
31.499781500024255,1,1,26.2226999620907,0.8643000037409365,27.086999965831637
31.565009800018743,1,0,38.73749997001141,0.19270001212134957,38.93019998213276
31.612166200007778,1,0,26.952799991704524,0.17090002074837685,27.1237000124529
31.6608036000398,1,0,23.54569995077327,0.15600002370774746,23.701699974481016
31.707374299992807,1,1,27.49110001605004,0.7537999772466719,28.244899993296713
31.75609829998575,1,0,26.354100031312555,0.14109996845945716,26.495199999772012
31.80590849998407,1,0,36.41220001736656,0.18040003487840295,36.59260005224496
31.867797299986705,1,0,38.00040000351146,0.1569000305607915,38.15730003407225
31.91737340000691,1,1,29.922000016085804,17.543399997521192,47.465400013606995
31.968369800015353,1,0,30.338199983816594,0.2161000156775117,30.554299999494106
32.01201950001996,1,0,30.918499978724867,0.1697000116109848,31.088199990335852
32.060218600032385,1,0,35.3513999725692,0.18550001550465822,35.536899988073856
32.108513900020625,1,0,30.041299993172288,0.1718999701552093,30.213199963327497
32.174314600008074,1,1,37.142899993341416,16.9406000059098,54.08349999925122
32.23134190001292,1,0,36.51150001678616,0.19130000146105886,36.70280001824722
32.27075610001339,1,0,32.66139997867867,0.1446999958716333,32.80609997455031
32.316551900003105,1,0,33.20250002434477,0.30129996594041586,33.50379999028519
32.36546990001807,1,0,34.58510001655668,0.16070000128820539,34.745800017844886
32.41177100001369,1,1,27.22759998869151,5.950900027528405,33.178500016219914
32.476646600000095,1,0,34.14679999696091,0.1745999907143414,34.32139998767525
32.524452799989376,1,0,25.25830001104623,0.16659998800605536,25.424899999052286
32.57235440000659,1,0,26.24350000405684,0.1640000264160335,26.407500030472875
32.621748200035654,1,1,41.19759995955974,17.68310001352802,58.88069997308776
32.6830913000158,1,1,31.03969997027889,0.7780000451020896,31.81770001538098
32.71731209999416,1,1,24.262399994768202,0.8338000043295324,25.096199999097735
32.7800344999996,1,0,33.3482000278309,0.16459997277706861,33.51280000060797
32.82899579999503,1,0,28.78019999479875,0.21290004951879382,28.993100044317544
32.87656780000543,1,0,25.173300004098564,0.14830002328380942,25.321600027382374
32.92574119998608,1,1,29.74780002841726,1.0058999760076404,30.7537000044249
32.97165299998596,1,0,30.204600014258176,0.15919998986646533,30.36380000412464
33.020922900002915,1,0,27.017800020985305,0.22330001229420304,27.24110003327951
33.085858300037216,1,0,28.34009996149689,0.24530000519007444,28.585399966686964
33.13402619998669,1,1,43.589400011114776,17.234600032679737,60.82400004379451
33.198208299989346,1,0,27.349500043783337,0.21460000425577164,27.56410004803911
33.22839760000352,1,0,24.389200028963387,0.16029999824240804,24.549500027205795
33.27885940001579,1,0,25.08819999638945,0.1412000274285674,25.229400023818016
33.32492799998727,1,0,29.019800014793873,0.16350002260878682,29.18330003740266
33.387464400031604,1,1,37.09589998470619,0.895800010766834,37.99169999547303
33.43626019998919,1,0,29.959500010591,0.1700000138953328,30.129500024486333
33.48684660001891,1,0,24.732999969273806,0.16080000204965472,24.89379997132346
33.53254340001149,1,0,33.58210000442341,0.1613000058569014,33.74340001028031
33.57991700002458,1,0,28.51769997505471,0.21000002743676305,28.727700002491474
33.6288765000063,1,1,25.534500018693507,2.410299959592521,27.944799978286028
33.69197440001881,1,0,28.582800005096942,0.15809998149052262,28.740899986587465
33.740865500003565,1,0,29.15940003003925,0.14359998749569058,29.30300001753494
33.78820300003281,1,0,30.40389996021986,0.17640000442042947,30.58029996464029
33.836743700027,1,1,28.810099989641458,0.8558999979868531,29.66599998762831
33.887108299997635,1,0,31.06330003356561,0.14679995365440845,31.21009998722002
33.931684500013944,1,0,29.810799984261394,0.14319998444989324,29.953999968711287
33.99777610000456,1,0,39.31249998277053,0.18140004249289632,39.49390002526343
34.04354990000138,1,1,30.170699988957494,7.063400000333786,37.23409998929128
34.094237499986775,1,0,31.12540004076436,0.2250999677926302,31.350500008556992
34.141336200002115,1,0,34.23220000695437,0.21540001034736633,34.44760001730174
34.1919765000348,1,0,29.42320000147447,0.1772999530658126,29.600499954540282
34.237378299993,1,0,27.060599997639656,0.1496000331826508,27.210200030822307
34.302592499996535,1,1,38.04469999158755,17.870700045023113,55.91540003661066
34.362174900015816,1,0,29.731800023000687,0.14679995365440845,29.878599976655096
34.39642990002176,1,0,23.687099979724735,0.16830000095069408,23.85539998067543
34.444982999993954,1,0,29.868100013118237,0.17230003140866756,30.040400044526905
34.4929523000028,1,0,26.255100034177303,0.1707999617792666,26.42589999595657
34.539444599999115,1,1,26.644900033716112,17.88889995077625,44.53379998449236
34.587776500033215,1,0,24.527399975340813,0.14050002209842205,24.667899997439235
34.65302480000537,1,0,26.033599977381527,0.14510005712509155,26.17870003450662
34.701111800037324,1,0,25.427999964449555,0.17150002531707287,25.599499989766628
34.7491818999988,1,1,30.0025999895297,1.0072000441141427,31.00980003364384
34.79748589999508,1,0,31.44869999960065,0.14240003656595945,31.59110003616661
34.84482040000148,1,0,25.245600030757487,0.1620999537408352,25.407699984498322
34.89311750000343,1,0,24.364500015508384,0.20159996347501874,24.566099978983402
34.95650030003162,1,1,31.726299959700555,17.13049999671057,48.85679995641112
35.00794079998741,1,0,32.47080004075542,0.18639996415004134,32.65720000490546
35.051318900019396,1,0,24.720099987462163,0.16569998115301132,24.885799968615174
35.10263280000072,1,0,23.846900032367557,0.24359999224543571,24.090500024612993
35.14848400000483,1,0,27.96799998031929,0.17070001922547817,28.13869999954477
35.19843480002601,1,1,31.142199994064867,1.0793000110425055,32.22150000510737
35.26270620001014,1,0,36.557700019329786,0.1552999601699412,36.71299997949973
35.309857100015506,1,0,34.77799997199327,0.3117000451311469,35.089700017124414
35.356902300030924,1,0,25.98439995199442,0.1778000150807202,26.16219996707514
35.4059861000278,1,1,27.943999972194433,1.0497000184841454,28.99369999067858
35.451896200014744,1,0,24.709700024686754,0.16279995907098055,24.872499983757734
35.50444049999351,1,0,26.381900010164827,0.1708000199869275,26.552700030151755
35.5654068000149,1,0,24.075100023765117,0.1463999506086111,24.221499974373728
35.611279400007334,1,1,22.747699986211956,0.9501000167801976,23.697800002992153
35.66163889999734,1,0,24.751999997533858,0.1947000273503363,24.946700024884194
35.70960760000162,1,0,31.768999993801117,0.1968000433407724,31.96580003714189
35.76119930000277,1,0,25.28960001654923,0.15410000924021006,25.44370002578944
35.80361110001104,1,0,23.835800006054342,0.1449999981559813,23.980800004210323
35.87172870000359,1,1,31.62780002458021,17.323799955192953,48.951599979773164
35.92389259999618,1,0,25.768899999093264,0.1637000241316855,25.93260002322495
35.964983300014865,1,1,23.2819999800995,0.832199992146343,24.114199972245842
36.0125459000119,1,1,24.180900014471263,1.0179000091739,25.198800023645163
36.05986209999537,1,0,27.067699993494898,0.14620000729337335,27.21390000078827
36.1078718000208,1,0,22.94880000408739,0.16920000780373812,23.118000011891127
36.17356620001374,1,0,31.88399999635294,0.16579998191446066,32.0497999782674
36.221784900000785,1,1,25.5044000223279,0.929499976336956,26.433899998664856
36.267452400003094,1,0,24.67479999177158,0.1674999948590994,24.842299986630678
36.319222400023136,1,0,30.182399961631745,0.18060003640130162,30.362999998033047
36.36578069999814,1,0,29.807300015818328,0.3149000112898648,30.122200027108192
36.41302550002001,1,0,25.18729999428615,0.21039997227489948,25.39769996656105
36.482066399999894,1,1,31.93170001031831,1.039199996739626,32.970900007057935
36.52346120000584,1,0,27.87049999460578,0.15819998225197196,28.02869997685775
36.57168360002106,1,0,30.295400007162243,0.2528000040911138,30.548200011253357
36.61976249999134,1,0,23.33850000286475,0.18930004443973303,23.52780004730448
36.67396909999661,1,0,28.87199999531731,0.22300001000985503,29.095000005327165
36.71909610001603,1,1,25.577699998393655,17.68609997816384,43.26379997655749
36.78256349998992,1,0,34.97800003970042,0.2798999776132405,35.25790001731366
36.82989860000089,1,0,24.398200039286166,0.17959997057914734,24.577800009865314
36.878697200038005,1,0,23.555499967187643,0.14600000577047467,23.701499972958118
36.923513900022954,1,1,25.87339997990057,0.874800025485456,26.748200005386025
36.97164260002319,1,0,25.140499987173826,0.21139997988939285,25.35189996706322
37.02053450001404,1,0,31.611100013833493,0.16900000628083944,31.780100020114332
37.087358199991286,1,0,35.329900041688234,0.17119996482506394,35.5011000065133
37.13491550000617,1,1,23.41369999339804,0.7643999997526407,24.17809999315068
37.180870999989565,1,0,34.55700003542006,0.21540001034736633,34.77240004576743
37.22961400001077,1,0,28.54630001820624,0.1495999749749899,28.69589999318123
37.27578429999994,1,0,24.025399994570762,0.17940002726390958,24.20480002183467
37.325281299999915,1,0,35.51560000050813,0.2161000156775117,35.73170001618564
37.39403150003636,1,1,30.201399989891797,16.65909995790571,46.86049994779751
37.44360290002078,1,0,24.780999985523522,0.16659998800605536,24.947599973529577
37.48359530000016,1,0,27.801899996120483,0.18440000712871552,27.986300003249198
37.53495739999926,1,0,24.789199989754707,0.2047000452876091,24.993900035042316
37.58264620002592,1,0,23.971699993126094,0.18610002007335424,24.15780001319945
37.62926780001726,1,1,27.370299969334155,1.1290000402368605,28.499300009571016
37.69550179998623,1,0,29.90200003841892,0.2069000038318336,30.108900042250752
37.73962260002736,1,0,23.498700000345707,0.14169997302815318,23.64039997337386
37.79473439999856,1,0,24.530599999707192,0.13910001143813133,24.669700011145324
37.835650700028054,1,1,32.89009997388348,6.943000014871359,39.83309998875484
37.88540600001579,1,0,36.92029998637736,0.23549998877570033,37.15579997515306
37.935665199998766,1,0,33.59669999917969,0.16280001727864146,33.75950001645833
38.0003542000195,1,0,34.739899972919375,0.16250001499429345,34.90239998791367
38.050537000002805,1,1,38.35410001920536,18.260299984831363,56.614400004036725
38.109625299985055,1,0,26.269400026649237,0.31839997973293066,26.587800006382167
38.14014750003116,1,0,24.4420999661088,0.1469000126235187,24.588999978732318
38.18960710003739,1,0,34.79219996370375,0.2212999970652163,35.01349996076897
38.23796310002217,1,0,37.04759996617213,0.2060999977402389,37.25369996391237
38.30319980002241,1,1,29.59359996020794,17.889300012029707,47.48289997223765
38.35356070002308,1,0,24.20330001041293,0.17959997057914734,24.38289998099208
38.39620760001708,1,0,25.588400021661073,0.17479999223724008,25.763200013898313
38.4455781999859,1,0,30.57010000338778,0.22630003513768315,30.796400038525462
38.49522059998708,1,0,25.336700025945902,0.17850002041086555,25.515200046356767
38.54182889999356,1,1,25.86739999242127,1.0003000497817993,26.86770004220307
38.60752289998345,1,0,36.493999999947846,0.1729000359773636,36.66690003592521
38.65206619998207,1,0,35.765200038440526,0.15279999934136868,35.918000037781894
38.70104439998977,1,0,23.51440000347793,0.16850000247359276,23.682900005951524
38.75116149999667,1,1,32.2372000082396,16.555799986235797,48.792999994475394
38.803157999995165,1,0,30.861200008075684,0.15730003360658884,31.018500041682273
38.84319460002007,1,0,25.368599977809936,0.16600004164502025,25.534600019454956
38.909805300005246,1,0,34.47419998701662,0.27140002930536866,34.74560001632199
38.960205500014126,1,1,25.48379998188466,1.0794000118039548,26.563199993688613
39.003750600037165,1,0,30.810599972028285,0.24279998615384102,31.053399958182126
39.05500789999496,1,0,29.14009999949485,0.2449000021442771,29.385000001639128
39.09982569998829,1,0,23.77850003540516,0.1838000025600195,23.96230003796518
39.15245029999642,1,0,31.01269999751821,0.21080003352835774,31.22350003104657
39.21805329999188,1,1,37.64729999238625,17.008399998303503,54.655699990689754
39.275955600023735,1,0,34.30110000772402,0.20750000840052962,34.50860001612455
39.314095699985046,1,0,36.67560004396364,0.21839997498318553,36.89400001894683
39.35588779998943,1,0,29.12520000245422,0.17280003521591425,29.298000037670135
39.40857100003632,1,0,25.610599957872182,0.13960001524537802,25.75019997311756
39.451625199988484,1,1,25.8587000425905,2.002099994570017,27.860800037160516
39.51793909998378,1,0,30.58320004492998,0.18119998276233673,30.764400027692318
39.568063999991864,1,0,30.515799997374415,0.2609000075608492,30.776700004935265
39.61599080002634,1,0,32.89779997430742,0.1716000260785222,33.06940000038594
39.66029420000268,1,1,35.470200004056096,18.04150000680238,53.511700010858476
39.71731159999035,1,0,28.12220004852861,0.15379994874820113,28.275999997276813
39.75537070003338,1,0,24.663699965458363,0.16240001423284411,24.826099979691207
39.80605930002639,1,0,27.631199976895005,0.20830001449212432,27.83949999138713
39.873598400037736,1,1,29.613799997605383,0.9420999558642507,30.555899953469634
39.915479900024366,1,0,23.538900015410036,0.18199998885393143,23.720900004263967
39.96634250000352,1,0,24.28479999070987,0.16220001270994544,24.447000003419816
40.012252799991984,1,0,23.782200005371124,0.2112000365741551,23.99340004194528
40.063494300004095,1,0,26.272799994330853,0.14000001829117537,26.41280001262203
40.11002840002766,1,1,27.000300004146993,0.9829999762587249,27.983299980405718
40.1756105000386,1,0,32.92559995315969,0.1453000004403293,33.07089995360002
40.219520599988755,1,0,23.802400042768568,0.13899995246902108,23.94139999523759
40.26936590002151,1,0,26.738199987448752,0.15139998868107796,26.88959997612983
40.31730280001648,1,1,28.84079999057576,1.0784000041894615,29.919199994765222
40.3668139000074,1,0,28.041600016877055,0.17479999223724008,28.216400009114295
40.415634000033606,1,0,37.43139997823164,0.20890001906082034,37.64029999729246
40.47656179999467,1,0,29.025600000750273,0.14000001829117537,29.16560001904145
40.527434299991,1,1,27.831300045363605,17.810899997130036,45.64220004249364
40.57717770000454,1,0,30.837700003758073,0.2066000015474856,31.04430000530556
40.622148099995684,1,0,36.00930003449321,0.22170000011101365,36.23100003460422
40.66847700002836,1,0,24.618999974336475,0.17750001279637218,24.796499987132847
40.71631889999844,1,0,26.03629999794066,0.15360000543296337,26.189900003373623
40.79060980002396,1,1,32.225499977357686,18.423100002110004,50.64859997946769
40.84406780003337,1,0,26.674199965782464,0.21309999283403158,26.887299958616495
40.8753960999893,1,0,24.738800013437867,0.15600002370774746,24.894800037145615
40.924780200002715,1,0,25.00959997996688,0.1976000494323671,25.207200029399246
40.9781172000221,1,0,28.006999986246228,0.17770001431927085,28.1847000005655
41.01973659999203,1,1,34.590399998705834,18.859700008761138,53.45010000746697
41.08767290000105,1,0,30.25750000961125,0.18129998352378607,30.438799993135035
41.131520900002215,1,0,27.317400032188743,0.23389997659251094,27.551300008781254
41.1849385999958,1,0,29.646400013007224,0.14399999054148793,29.79040000354871
41.229132600012235,1,1,24.08339997055009,1.030400046147406,25.113800016697496
41.27788840001449,1,0,25.475099973846227,0.16150000737980008,25.636599981226027
41.32472269999562,1,0,34.72719999263063,0.19839999731630087,34.92559998994693
41.39175970002543,1,0,37.04570000991225,0.3423999878577888,37.38809999777004
41.43803389999084,1,1,23.1707000057213,0.9758000378496945,24.146500043570995
41.486171299999114,1,0,26.21969999745488,0.16920000780373812,26.38890000525862
41.531436900026165,1,0,23.70289998361841,0.1503999810665846,23.853299964684993
41.58060610003304,1,0,24.504799977876246,0.16160000814124942,24.666399986017495
41.63251590001164,1,0,27.229600003920496,0.15189999248832464,27.38149999640882
41.69801659998484,1,1,26.977800007443875,0.9955000132322311,27.973300020676106
41.73922059999313,1,0,25.38310003001243,0.15999999595806003,25.54310002597049
41.78852880001068,1,0,23.34740001242608,0.18729997100308537,23.534699983429164
41.83852420002222,1,0,28.419599984772503,0.463999982457608,28.88359996723011
41.887980700004846,1,0,28.813300014007837,0.2620000159367919,29.07530002994463
41.93372949998593,1,1,34.81170005397871,1.0565999546088278,35.86830000858754
41.99764730001334,1,0,33.274499990511686,0.23609999334439635,33.51059998385608
42.044895500002895,1,0,23.29520002240315,0.17359998309984803,23.468800005503
42.100593200011645,1,0,27.75629999814555,0.14439999358728528,27.900699991732836
42.13940799998818,1,1,26.68210002593696,1.0448999819345772,27.72700000787154
42.1906130000134,1,0,29.235899972263724,0.18850003834813833,29.424400010611862
42.23715000000084,1,0,28.53559999493882,0.16120000509545207,28.696800000034273
42.303971700021066,1,0,34.96179997455329,0.3229000139981508,35.28469998855144
42.34980180003913,1,1,23.796699999365956,0.9952999535016716,24.791999952867627
42.395582400029525,1,0,25.126900000032037,0.1878999755717814,25.31479997560382
42.44659960002173,1,0,28.489399992395192,0.18699996871873736,28.67639996111393
42.49340089998441,1,0,25.58750001480803,0.1485000248067081,25.736000039614737
42.54096800001571,1,0,29.184199986048043,0.17140002455562353,29.355600010603666
42.609918600006495,1,1,28.4706000238657,1.249199965968728,29.719799989834428
42.65244500001427,1,0,24.77249997900799,0.21240004571154714,24.984900024719536
42.70210560003761,1,0,26.159399945754558,0.1868000254034996,26.346199971158057
42.749807699990924,1,0,33.74929999699816,0.37260004319250584,34.12190004019067
42.80079080001451,1,0,24.987599987071007,0.1517999917268753,25.139399978797883
42.843638300022576,1,1,23.38269999017939,17.217400018125772,40.60010000830516
42.91117820004001,1,0,36.18969995295629,0.1740000443533063,36.363699997309595
42.958818799990695,1,0,23.859400011133403,0.16540003707632422,24.024800048209727
43.00996009999653,1,0,26.57250000629574,0.17750001279637218,26.750000019092113
43.051356000010855,1,1,28.01260002888739,0.8441999671049416,28.856799995992333
43.102555499994196,1,0,28.044600039720535,0.1647999742999673,28.209400014020503
43.14768190000905,1,0,23.466199985705316,0.348100031260401,23.814300016965717
43.2167498000199,1,0,30.918699980247766,0.14890002785250545,31.06760000810027
43.26144999999087,1,1,24.57690000301227,17.294200020842254,41.871100023854524
43.307559599983506,1,0,23.65840005222708,0.1427999814040959,23.801200033631176
43.355372500023805,1,0,22.36940001603216,0.15469995560124516,22.524099971633404
43.4094352000393,1,0,24.930299958214164,0.15000003622844815,25.080299994442612
43.451519199996255,1,0,29.100699990522116,0.2435000496916473,29.344200040213764
43.5168524000328,1,1,47.644299978856,16.772500006482005,64.416799985338
43.584322199982125,1,0,45.111400017049164,0.23609999334439635,45.34750001039356
43.63350910000736,1,0,40.7067000051029,0.1498999772593379,40.85659998236224
43.67628210003022,1,0,26.12960000988096,0.28849998489022255,26.418099994771183
43.70893930003513,1,0,45.76019995147362,0.4105000407435,46.17069999221712
43.75887630000943,1,1,40.636599995195866,1.2858000118285418,41.92240000702441
43.8231810000143,1,1,50.63690000679344,1.2523999903351068,51.889299997128546
43.877929500013124,1,0,28.270200011320412,0.17690000822767615,28.44710001954809
43.91627290000906,1,0,39.32789998361841,0.15870004426687956,39.48660002788529
43.9635540000163,1,0,38.525599986314774,0.3307000151835382,38.85630000149831
44.0113304000115,1,0,33.24770001927391,0.1734999823383987,33.421200001612306
44.06144730001688,1,1,34.08910002326593,17.987499944865704,52.07659996813163
44.126543599995784,1,0,37.457099999301136,0.19580003572627902,37.652900035027415
44.17441849998431,1,0,34.71670002909377,0.24969998048618436,34.96640000957996
44.222810700011905,1,0,27.88650000002235,0.16300001880154014,28.049500018823892
44.269435800029896,1,1,32.0310999522917,2.1735000191256404,34.20459997141734
44.31666640000185,1,1,24.379000009503216,0.7209000177681446,25.09990002727136
44.36509510001633,1,0,26.10139996977523,0.18690002616494894,26.28829999594018
44.434413400013,1,0,26.45120001398027,0.16439997125416994,26.61559998523444
44.47515250003198,1,0,23.7156999646686,0.17950002802535892,23.89519999269396
44.52584230003413,1,0,27.164199971593916,0.24179997853934765,27.405999950133264
44.57525609998265,1,0,36.27460001735017,0.17060001846402884,36.445200035814196
44.6217270999914,1,0,24.453499994706362,0.14489999739453197,24.598399992100894
44.67088029999286,1,0,35.29970004456118,0.1544999540783465,35.454199998639524
44.71549650002271,1,0,22.855599992908537,0.18039997667074203,23.03599996957928
44.78327130002435,1,0,29.135299962945282,0.1436000457033515,29.278900008648634
44.829233500000555,1,0,24.513499985914677,0.18140004249289632,24.694900028407574
44.87631180003518,1,0,32.42369997315109,0.20509999012574553,32.62879996327683
44.926507199998014,1,0,28.610500041395426,0.15419995179399848,28.764699993189424
44.97251570003573,1,0,30.080500000622123,0.145500001963228,30.22600000258535
45.02242930000648,1,0,24.952600011602044,0.18809997709468007,25.140699988696724
45.087932499998715,1,0,46.81400000117719,0.23260002490133047,47.04660002607852
45.138592100003734,1,0,25.84220003336668,0.1623999560251832,26.004599989391863
45.18032480002148,1,0,32.17039996525273,0.14620000729337335,32.3165999725461
45.22836180002196,1,0,24.091999977827072,0.14600000577047467,24.237999983597547
45.278746300027706,1,0,23.58879998791963,0.172999978531152,23.76179996645078
45.324246300035156,1,0,27.765499951783568,0.18480001017451286,27.95029996195808
45.39161380002042,1,0,32.151499995961785,0.21550001110881567,32.3670000070706
45.43906000000425,1,0,25.145100022200495,0.145500001963228,25.290600024163723
45.48574750003172,1,0,24.536499986425042,0.14620000729337335,24.682699993718415
45.53150859999005,1,1,23.66710000205785,1.0858000023290515,24.752900004386902
45.58033239998622,1,1,27.009400015231222,0.889900024048984,27.899300039280206
45.629516699991655,1,1,30.815400008577853,0.881000014487654,31.696400023065507
45.692595200031064,1,1,24.620799988042563,0.7418000022880733,25.362599990330637
45.74382329999935,1,1,23.011300014331937,0.90230000205338,23.913600016385317
45.79131470003631,1,1,28.32240000134334,0.8712999988347292,29.19370000017807
45.83674830000382,1,1,23.23300001444295,0.8173999958671629,24.050400010310113
45.88610340002924,1,1,26.67039999505505,1.0499999625608325,27.720399957615882
45.93436330003897,1,1,25.319799955468625,1.9153000321239233,27.235099987592548
46.00042220001342,1,1,30.707199999596924,0.9760999819263816,31.683299981523305
46.04384850000497,1,1,33.12149998964742,1.355100015643984,34.4766000052914
46.09316079999553,1,1,26.97700000135228,0.8421000093221664,27.819100010674447
46.14090150000993,1,1,26.61699999589473,1.0044000227935612,27.62140001868829
46.192131599993445,1,1,31.366300012450665,1.2502000317908823,32.61650004424155
46.24076030001743,1,1,27.738199976738542,1.1515000369399786,28.88970001367852
46.303781700029504,1,1,29.1088999947533,1.3393000117503107,30.448200006503612
46.347384600027,1,1,23.97519996156916,0.9957000147551298,24.97089997632429
46.39824509999016,1,1,24.580700031947345,0.9748999727889895,25.555600004736334
46.445060500002,1,1,25.926300033461303,0.7319999858736992,26.658300019335
46.492337900039274,1,1,32.64509997097775,1.9563999958336353,34.60149996681139
46.542176500021014,1,1,25.99759999429807,0.977699994109571,26.97529998840764
46.614576900028624,1,1,47.41840000497177,1.067599980160594,48.485999985132366
46.665932600037195,1,1,30.045899969991297,0.8284000214189291,30.874299991410226
46.6996247000061,1,1,23.171100008767098,0.7668000180274248,23.937900026794523
46.750922000035644,1,1,32.154299959074706,0.832799996715039,32.987099955789745
46.796204500016756,1,1,26.502099994104356,0.9324999991804361,27.43459999328479
46.844601100019645,1,1,27.834500011522323,0.9455999825149775,28.7800999940373
46.913611399999354,1,1,37.661499984096736,2.1393000497482717,39.80080003384501
46.95682880003005,1,1,24.613599991425872,0.94369996804744,25.557299959473312
47.00339209998492,1,1,25.04810004029423,0.9663999662734568,26.014500006567687
47.05596140003763,1,1,26.39049995923415,1.0411000112071633,27.43159997044131
47.102183900016826,1,1,26.302399986889213,0.8297000313177705,27.132100018206984
47.14827070001047,1,1,25.937400001566857,0.9311999892815948,26.868599990848452
47.21602100000018,1,1,30.039999983273447,1.1030000168830156,31.143000000156462
47.26014389999909,1,1,24.172100005671382,1.067599980160594,25.239699985831976
47.311363800021354,1,1,24.562400009017438,0.7805000059306622,25.3429000149481
47.35861490003299,1,1,28.13259995309636,0.9340000106021762,29.066599963698536
47.40545269998256,1,1,25.10410000104457,0.6954000564292073,25.79950005747378
47.454063799988944,1,1,28.99340004660189,0.8338000043295324,29.827200050931424
47.519945100008044,1,1,30.93599999556318,1.0406000073999166,31.976600002963096
47.56541480001761,1,1,23.286800016649067,0.713299959897995,24.000099976547062
47.6132665000041,1,1,24.628399987705052,0.9277000208385289,25.55610000854358
47.660796000040136,1,1,29.482099984306842,0.852599972859025,30.334699957165867
47.70728730002884,1,1,23.933299991767853,0.907599984202534,24.840899975970387
47.75763690000167,1,1,25.205500016454607,0.853199977427721,26.05869999388233
47.821248800028116,1,1,23.4123999834992,1.012899971101433,24.425299954600632
47.86905360000674,1,1,23.59609998529777,0.7280000136233866,24.324099998921156
47.91562869999325,1,1,23.696299991570413,0.7489999989047647,24.445299990475178
47.965660299989395,1,1,30.660899996291846,0.8753000292927027,31.53620002558455
48.01501159998588,1,1,25.60940000694245,0.6628000410273671,26.272200047969818
48.061557699984405,1,1,29.636799998115748,0.8719000034034252,30.508700001519173
48.125784900039434,1,1,32.74879994569346,1.0012999991886318,33.750099944882095
48.17222720000427,1,1,25.172099994961172,0.7529000286012888,25.92500002356246
48.222372099990025,1,1,25.43780003907159,1.399400003720075,26.837200042791665
48.26861910003936,1,1,28.77839998109266,0.8369999704882503,29.615399951580912
48.32018570002401,1,1,24.227599962614477,0.9584000217728317,25.18599998438731
48.367704100033734,1,1,28.404799988493323,0.9351999615319073,29.33999995002523
48.43180940003367,1,1,33.72319997288287,1.0261000134050846,34.74929998628795
48.478277800022624,1,1,26.137500011827797,0.8162999874912202,26.953799999319017
48.526899399992544,1,1,27.031600009649992,1.109600008931011,28.141200018581003
48.57235219998984,1,1,23.973200004547834,0.7915000314824283,24.764700036030263
48.61993029998848,1,1,24.22850002767518,1.0679999832063913,25.296500010881573
48.671321400033776,1,1,34.129299980122596,0.8685999782755971,34.99789995839819
48.7391498000361,1,1,27.86899998318404,1.068499987013638,28.937499970197678
48.779305700038094,1,1,23.7842999631539,0.85350003791973,24.63780000107363
48.831093100016005,1,1,28.239900013431907,0.8532999781891704,29.093199991621077
48.875460600014776,1,1,25.354999990668148,1.0637000086717308,26.41869999933988
48.92895100003807,1,1,25.732899957802147,0.971500005107373,26.70439996290952
48.97223379998468,1,1,26.26610000152141,0.8614000398665667,27.127500041387975
49.03750040003797,1,1,27.26889995392412,0.9675000328570604,28.23639998678118
49.083294600015506,1,1,24.21399997547269,0.9042000165209174,25.118199991993606
49.13602600002196,1,1,23.86700001079589,0.8163999882526696,24.68339999904856
49.18049790000077,1,1,33.796000003349036,0.9676000336185098,34.763600036967546
49.23042780003743,1,1,35.33149999566376,1.027699967380613,36.359199963044375
49.27698710002005,1,1,30.136899964418262,0.9597000316716731,31.096599996089935
49.3393087000004,1,1,26.457800006028265,0.8079999824985862,27.26579998852685
49.39188640000066,1,1,32.34060003887862,1.0564999538473785,33.397099992726
49.435586599982344,1,1,23.675600008573383,1.5994000132195652,25.27500002179295
49.487349200004246,1,1,30.902200029231608,0.8703999919816852,31.772600021213293
49.532972800021525,1,1,22.94419996906072,1.00020004902035,23.94440001808107
49.58040410000831,1,1,29.649499978404492,0.9879000135697424,30.637399991974235
49.648006800038274,1,1,33.51259999908507,1.0547999991104007,34.56739999819547
49.69304550002562,1,1,24.988199991639704,1.2132999836467206,26.201499975286424
49.74076630000491,1,1,25.67930001532659,0.8542999858036637,26.533600001130253
49.788654200034216,1,1,25.683299987576902,0.8738000178709626,26.557100005447865
49.83671120001236,1,1,26.60360001027584,0.9423000155948102,27.54590002587065
49.883870300021954,1,1,30.32690001418814,0.8242999901995063,31.151200004387647
49.93157300003804,1,1,31.184099963866174,1.034800021443516,32.21889998530969
50.0000546000083,1,1,29.51179997762665,1.057300018146634,30.569099995773286
50.04484940000111,1,1,25.955500022973865,0.7154999766498804,26.670999999623746
50.09295449999627,1,1,24.794100027065724,0.8683999767526984,25.662500003818423
50.14205140003469,1,1,28.17579999100417,0.9808999602682889,29.156699951272458
50.187660399999004,1,1,23.31590000540018,0.9012999944388866,24.217199999839067
50.23729750001803,1,1,24.77700001327321,0.9404000011272728,25.717400014400482
50.30666200001724,1,1,28.496299986727536,0.9760999819263816,29.472399968653917
50.34779630001867,1,1,25.192199973389506,1.146599999628961,26.338799973018467
50.39881270000478,1,1,27.816799993161112,0.9587000240571797,28.77550001721829
50.44521610002266,1,1,25.954200013075024,1.6320999711751938,27.586299984250218
50.496448300022166,1,1,35.98960000090301,1.1412000167183578,37.13080001762137
50.54283920000307,1,1,29.57140002399683,0.9916999842971563,30.563100008293986
50.60580050002318,1,1,36.477699992246926,0.9350000182166696,37.412700010463595
50.65337680000812,1,1,28.947099985089153,1.0665000299923122,30.013600015081465
50.70443869999144,1,1,32.713100023102015,1.0643000132404268,33.77740003634244
50.750311199983116,1,1,35.033600055612624,0.9085999918170273,35.94220004742965
50.798488200001884,1,1,30.32570000505075,0.985999999102205,31.311700004152954
50.84535890002735,1,1,35.06939997896552,0.9833999793045223,36.05279995827004
50.91138589999173,1,1,29.97720002895221,0.845799979288131,30.823000008240342
50.95756050001364,1,1,23.266099975444376,0.7215000223368406,23.987599997781217
51.005451200006064,1,1,25.08490002946928,1.0624999995343387,26.14740002900362
51.05331129999831,1,1,33.2122000399977,0.9021000005304813,34.11430004052818
51.100432500010356,1,1,34.30220001609996,0.8724000072106719,35.17460002331063
51.14881839998998,1,1,26.46310004638508,1.0694999946281314,27.53260004101321
51.219504999986384,1,1,32.76850003749132,0.9802000131458044,33.748700050637126
51.25928950001253,1,1,24.213299970142543,0.9401000570505857,25.15340002719313
51.310309100023005,1,1,29.833199980203062,0.9071999811567366,30.7403999613598
51.3567342000315,1,1,26.998999994248152,0.915299984626472,27.914299978874624
51.40914000000339,1,1,25.86290001636371,0.8640000014565885,26.7269000178203
51.45283379999455,1,1,23.635299992747605,0.8285000221803784,24.463800014927983
51.52001580002252,1,1,35.24289996130392,0.9490000084042549,36.191899969708174
51.56375199998729,1,1,23.979200050234795,0.7205999572761357,24.69980000751093
51.616167600033805,1,1,23.948099988047034,0.7173999911174178,24.66549997916445
51.66065159998834,1,1,24.69099999871105,0.7957000052556396,25.48670000396669
51.710756200016476,1,1,34.46340002119541,1.1782999499700963,35.64169997116551
51.760017100023106,1,1,32.07499999552965,0.9613999864086509,33.0363999819383
51.81998410000233,1,1,24.60230002179742,0.8326999959535897,25.43500001775101
51.87258650001604,1,1,29.34160002041608,0.754999986384064,30.096600006800145
51.915255500003695,1,1,23.344999994151294,0.9495000122115016,24.294500006362796
51.96616680000443,1,1,26.274500007275492,0.763899995945394,27.038400003220886
52.01634800003376,1,1,25.08059999672696,0.8360999636352062,25.916699960362166
52.05980380001711,1,1,24.72919999854639,0.9105000062845647,25.639700004830956
52.13031300000148,1,1,34.48540001409128,0.9957000147551298,35.48110002884641
52.172219300002325,1,1,23.651199997402728,0.8100999984890223,24.46129999589175
52.21977249998599,1,1,24.85230000456795,0.8841000380925834,25.736400042660534
52.26781430002302,1,1,27.869699988514185,0.8877000072970986,28.757399995811284
52.318256600003224,1,1,25.134399998933077,0.7832000264897943,25.91760002542287
52.36517200001981,1,1,33.51989999646321,1.0369999799877405,34.55689997645095
52.43162829999346,1,1,41.13420000066981,1.0284000309184194,42.16260003158823
52.47654990002047,1,1,31.394399993587285,1.07709999429062,32.471499987877905
52.528278700017836,1,1,27.839699992910028,0.8988999761641026,28.73859996907413
52.57186470000306,1,1,28.631600027438253,0.9669999708421528,29.598599998280406
52.6220425000065,1,1,29.652299999725074,0.8994999807327986,30.551799980457872
52.669559000001755,1,1,27.11209998233244,0.8498000097461045,27.961899992078543
52.73583469999721,1,1,29.155600001104176,0.9289000299759209,30.084500031080097
52.78074310004013,1,1,24.313499976415187,1.0803000186569989,25.393799995072186
52.83015829999931,1,1,23.83590000681579,0.9194000158458948,24.755300022661686
52.87787249998655,1,1,31.03800001554191,0.7859999896027148,31.824000005144626
52.926005200017244,1,1,26.783299981616437,0.9758000378496945,27.759100019466132
52.9723375000176,1,1,32.968099985737354,0.728100014384836,33.69620000012219
53.039237399993,1,1,27.799000032246113,1.0334000107832253,28.832400043029338
53.083493200014345,1,1,29.976500023622066,1.0059999767690897,30.982500000391155
53.13262960000429,1,1,25.20069997990504,0.9136000298894942,26.114300009794533
53.181477200007066,1,1,36.00409999489784,1.270800014026463,37.274900008924305
53.23575190000702,1,1,30.54200002225116,1.0652999626472592,31.607299984898418
53.27573580003809,1,1,24.663499963935465,1.5440999995917082,26.207599963527173
53.34293600003002,1,1,31.314699968788773,1.1884000268764794,32.50309999566525
53.38832410000032,1,1,28.65420002490282,0.7718999986536801,29.4261000235565
53.43736750003882,1,1,24.094499996863306,0.8690999820828438,24.96359997894615
53.48446740000509,1,1,25.292000034824014,1.3947999686934054,26.68680000351742
53.53156010003295,1,1,26.03779995115474,0.8446000283583999,26.88239997951314
53.583220300031826,1,1,29.475399991497397,0.8373999735340476,30.312799965031445
53.650834000029135,1,1,28.85269996477291,0.9524000342935324,29.805099999066442
53.69272260001162,1,1,23.54089997243136,0.7958000060170889,24.33669997844845
53.741185799997766,1,1,27.83060004003346,1.163699955213815,28.994299995247275
53.79168299998855,1,1,30.02340003149584,1.143899979069829,31.16730001056567
53.8356828999822,1,1,23.820500005967915,0.9622000507079065,24.78270005667582
53.88763439998729,1,1,33.82480004802346,1.5400999691337347,35.3649000171572
53.95158590003848,1,1,25.19329998176545,0.9190000128000975,26.112299994565547
53.99554309999803,1,1,23.38259998941794,0.8808000129647553,24.263400002382696
54.048663299996406,1,1,28.17140001570806,0.8913999772630632,29.062799992971122
54.09132410003804,1,1,29.784099955577403,0.9038000134751201,30.687899969052523
54.14356230001431,1,1,23.842700000386685,0.811800011433661,24.654500011820346
54.18829650001135,1,1,32.12990000611171,1.6419999883510172,33.77189999446273
54.255435099999886,1,1,29.599000001326203,0.9052000241354108,30.504200025461614
54.29980710003292,1,1,23.59769999748096,1.0656999656930566,24.663399963174015
54.34936930000549,1,1,23.98689999245107,0.9768999880179763,24.963799980469048
54.398744000005536,1,1,32.90490002837032,1.6135000041685998,34.51840003253892
54.44503120001173,1,1,25.62889998080209,0.8507000165991485,26.479599997401237
54.49275600002147,1,1,32.409299979917705,1.0586000280454755,33.46790000796318
54.55950510001276,1,1,30.288900015875697,1.1201999732293189,31.409099989105016
54.60552969999844,1,1,23.45370000693947,1.9431000109761953,25.396800017915666
54.651728700031526,1,1,27.320499997586012,0.7766999769955873,28.0971999745816
54.699760899995454,1,1,25.681300030555576,0.8923999848775566,26.573700015433133
54.7481201000046,1,1,28.488999989349395,0.888400012627244,29.37740000197664
54.798830899992026,1,1,27.853200037498027,0.8461999823339283,28.699400019831955
54.846347699989565,1,1,30.94780002720654,0.9411000064574182,31.88890003366396
54.91141709999647,1,1,37.43730002315715,1.3002000050619245,38.737500028219074
54.95622729999013,1,1,24.796900048386306,0.7879999466240406,25.584899995010346
55.006567600008566,1,1,25.834200030658394,0.8948999457061291,26.729099976364523
55.053133200039156,1,1,24.293199996463954,0.93479995848611,25.227999954950064
55.103014299995266,1,1,28.80400000140071,1.0031000128947198,29.80710001429543
55.149541400023736,1,1,26.758399966638535,0.8848000434227288,27.643200010061264
55.215548800013494,1,1,32.16699999757111,1.5819999971427023,33.74899999471381
55.26474950002739,1,1,23.71310000307858,1.0328000062145293,24.74590000929311
55.30748710001353,1,1,38.35109999636188,1.5220000059343874,39.87310000229627
55.35608150000917,1,1,31.703900021966547,1.8131999531760812,33.51709997514263
55.40400680003222,1,1,24.826399981975555,0.978900003246963,25.80529998522252
55.455751600035,1,1,34.28759996313602,1.0991999879479408,35.38679995108396
55.52053259999957,1,1,24.015900038648397,1.0531999869272113,25.069100025575608
55.56339239998488,1,1,24.478700011968613,1.0997999925166368,25.57850000448525
55.615012800029945,1,1,34.29139999207109,0.8815999608486891,35.17299995291978
55.66165830002865,1,1,23.69199995882809,1.0062000364996493,24.69819999532774
55.71344349998981,1,1,29.78450001683086,0.9438000270165503,30.728300043847412
55.755135699990205,1,1,25.98740003304556,1.0522999800741673,27.039700013119727
55.82208070001798,1,1,29.45849997922778,0.9466999908909202,30.4051999701187
55.86798839998664,1,1,24.347600003238767,0.9439000277779996,25.291500031016767
55.919644900015555,1,1,24.374999979045242,0.8626999915577471,25.23769997060299
55.96524789999239,1,1,24.674899992533028,0.8596000261604786,25.534500018693507
56.0156769999885,1,1,27.82449999358505,0.6738000083714724,28.498300001956522
56.06092329998501,1,1,29.053300037048757,0.9471999946981668,30.000500031746924
56.12735150003573,1,1,36.097000003792346,0.9265999542549253,37.02359995804727
56.172732800012454,1,1,24.27910000551492,0.9979999740608037,25.277099979575723
56.22326830000384,1,1,26.50590002303943,0.8449999731965363,27.350899996235967
56.268107799987774,1,1,24.679500027559698,0.8359000203199685,25.515400047879666
56.31945320003433,1,1,30.505399976391345,0.90970000019297,31.415099976584315
56.366275599983055,1,1,31.79820004152134,0.8035000064410269,32.60170004796237
56.43277830001898,1,1,26.609099993947893,1.0667999740689993,27.675899968016893
56.477147500030696,1,1,23.28329998999834,0.9607999818399549,24.244099971838295
56.523166200029664,1,1,24.194099998567253,0.8626999915577471,25.056799990125
56.57522170001175,1,1,29.43779999623075,0.9950000094249845,30.432800005655736
56.624954400002025,1,1,26.55459998641163,0.8156000403687358,27.370200026780367
56.66873309999937,1,1,28.110100014600903,0.9278000215999782,29.03790003620088
56.734084199997596,1,1,26.450200006365776,0.7168999873101711,27.167099993675947
56.78071900003124,1,1,33.09189999708906,0.8657999569550157,33.957699954044074
56.83081720001064,1,1,24.902399978600442,0.8054000209085643,25.707799999509007
56.87947789998725,1,1,31.605200027115643,0.6689999718219042,32.27419999893755
56.923380799998995,1,1,22.574500006157905,0.7996000349521637,23.37410004111007
56.974058100022376,1,1,26.528599963057786,0.8301000343635678,27.358699997421354
57.03921680001076,1,1,27.456799987703562,1.0257000103592873,28.48249999806285
57.08520600001793,1,1,25.136400014162064,0.9420999558642507,26.078499970026314
57.13248929998372,1,1,24.696300039067864,0.7921999786049128,25.488500017672777
57.180495999986306,1,1,29.64830002747476,0.9491000091657043,30.597400036640465
57.231391999986954,1,1,37.364100047852844,1.0794999543577433,38.44360000221059
57.27782880002633,1,1,25.089900009334087,0.9828999754972756,26.072799984831363
57.34695000003558,1,1,31.763699953444302,1.034500019159168,32.79819997260347
57.38758989999769,1,1,24.389600032009184,0.9477999992668629,25.337400031276047
57.43814980000025,1,1,27.400500024668872,0.811200006864965,28.211700031533837
57.48341970000183,1,1,23.60180002870038,1.0569999576546252,24.658799986355007
57.5386651000008,1,1,29.090200026985258,1.1320000048726797,30.222200031857938
57.580506000027526,1,1,23.551099991891533,1.014399982523173,24.565499974414706
57.64653259998886,1,1,27.65120001276955,0.7919000345282257,28.443100047297776
57.69429030001629,1,1,23.21349998237565,0.9637000039219856,24.177199986297637
57.74025249999249,1,1,24.21540004434064,0.7724000024609268,24.987800046801567
57.78996600001119,1,1,27.778899995610118,0.8621999877505004,28.64109998336062
57.83721860003425,1,1,25.114099960774183,0.7631999906152487,25.877299951389432
57.88394570001401,1,1,23.988300003111362,0.9091999963857234,24.897499999497086
57.951371400034986,1,1,28.588199988007545,1.0476000024937093,29.635799990501255
57.996989400009625,1,1,26.475900027435273,1.026499958243221,27.502399985678494
58.0456062000012,1,1,24.70579999499023,0.9522000327706337,25.658000027760863
58.09688790002838,1,1,35.40259995497763,1.2310000020079315,36.63359995698556
58.141742900013924,1,1,29.50639999471605,0.9135000291280448,30.419900023844093
58.18881620001048,1,1,23.987799999304116,0.7515000179409981,24.739300017245114
58.251123299996834,1,1,17.29350001551211,0.7054000161588192,17.998900031670928
58.29929360002279,1,1,17.196599976159632,0.6237000343389809,17.820300010498613
58.34674459998496,1,1,17.713200009893626,0.6876999977976084,18.400900007691234
58.39448540000012,1,1,17.24290003767237,0.6401999853551388,17.88310002302751
58.44317510002293,1,1,17.283699999097735,0.6011999794282019,17.884899978525937
58.4903445999953,1,1,18.104300019331276,0.6377000245265663,18.742000043857843
58.555384600011166,1,1,16.39080001041293,0.6275000050663948,17.018300015479326
58.60232830001041,1,1,16.99999999254942,0.5643999902531505,17.56439998280257
58.6515298000304,1,1,19.63120000436902,0.8878999506123364,20.519099954981357
58.69843490002677,1,1,17.263899964746088,0.6828000186942518,17.94669998344034
58.74628550000489,1,1,16.703200002666563,1.034800021443516,17.73800002411008
58.79463980003493,1,1,17.005099973175675,0.9025000035762787,17.907599976751953
58.858585299982224,1,1,16.65030000731349,0.9804000146687031,17.630700021982193
58.9074448000174,1,1,16.950200020801276,0.7599999662488699,17.710199987050146
58.95525030000135,1,1,17.090000037569553,0.880099949426949,17.9700999869965
59.003207300032955,1,1,17.467199999373406,0.7690999773330986,18.236299976706505
59.05050110002048,1,1,17.015299992635846,0.624299980700016,17.639599973335862
59.098743900016416,1,1,16.67230000020936,0.8230999810621142,17.495399981271476
59.16367750003701,1,1,17.07669999450445,0.7856999873183668,17.86239998182282
59.210676999995485,1,1,17.511999991256744,0.7171000470407307,18.229100038297474
59.258456900017336,1,1,17.550599994137883,0.6702999817207456,18.22089997585863
59.30693489999976,1,1,16.44139998825267,0.7989000296220183,17.240300017874688
59.356865799985826,1,1,16.97630004491657,1.3272999785840511,18.30360002350062
59.4031352000311,1,1,16.084999951999635,0.8969000191427767,16.98189997114241
59.46735849999823,1,1,18.556000024545938,1.6143000102601945,20.170300034806132
59.51454810000723,1,1,18.057500012218952,0.6847999757155776,18.74229998793453
59.564225299982354,1,1,16.94820000557229,0.8095000521279871,17.757700057700276
59.61067830002867,1,1,16.871400002855808,0.7532999734394252,17.624699976295233
59.6587819000124,1,1,17.043399973772466,0.728700018953532,17.772099992725998
59.70660640002461,1,1,17.183299991302192,0.7328999927267432,17.916199984028935
59.7719788000104,1,1,16.86069997958839,1.007000042591244,17.867700022179633
59.81957789999433,1,1,16.704300011042506,0.8993999799713492,17.603699991013855
59.86664960003691,1,1,16.077799955382943,0.74970000423491,16.827499959617853
59.91516370000318,1,1,16.387499985285103,0.8554999949410558,17.24299998022616
59.96270430000732,1,1,16.795200004708022,0.9700999944470823,17.765299999155104
60.01040580001427,1,1,16.418599989265203,0.881300016772002,17.299900006037205
60.0597768999869,1,1,15.635100018698722,0.7102999952621758,16.345400013960898
60.122717200021725,1,1,15.958499978296459,0.74380001751706,16.70229999581352
60.17348569998285,1,1,16.860300034750253,0.6238999776542187,17.48420001240447
60.21865900000557,1,1,16.812100016977638,0.7786999922245741,17.590800009202212
60.268840899982024,1,1,18.33820005413145,0.6354999495670199,18.973700003698468
60.31487270002253,1,1,16.003899974748492,0.9000999853014946,16.903999960049987
60.36269640002865,1,1,16.45599998300895,1.9325999892316759,18.388599972240627
60.42708250001306,1,1,16.480799997225404,0.7411999977193773,17.22199999494478
60.47630889998982,1,1,17.010600015055388,0.813000020571053,17.82360003562644
60.52281110000331,1,1,15.91840002220124,1.573299989104271,17.49170001130551
60.571827800013125,1,1,16.60590001847595,0.8779999916441739,17.483900010120124
60.61894690000918,1,1,16.061800008174032,0.8288999670185149,16.890699975192547
60.66668790002586,1,1,16.008000005967915,0.8458999800495803,16.853899986017495
60.73188430001028,1,1,16.01760002085939,0.9342999546788633,16.951899975538254
60.77848089998588,1,1,15.972800028976053,0.790799967944622,16.763599996920675
60.82662890001666,1,1,15.815699996892363,1.3003000058233738,17.116000002715737
60.87525560002541,1,1,17.110099957790226,0.672800000756979,17.782899958547205
60.92384730000049,1,1,16.036599990911782,0.7007000385783613,16.737300029490143
60.970568599994294,1,1,17.495400039479136,0.7655999506823719,18.26099999016151
61.03489940002328,1,1,16.493499977514148,0.6520000169984996,17.145499994512647
61.08320029999595,1,1,17.174100037664175,0.6422000005841255,17.8163000382483
61.13289960002294,1,1,28.120299975853413,0.7427000091411173,28.86299998499453
61.1790073000011,1,1,21.60320000257343,0.6562999915331602,22.25949999410659
61.22630320000462,1,1,17.976799979805946,1.117900013923645,19.09469999372959
61.27445530000841,1,1,17.333999974653125,0.575500016566366,17.90949999121949
61.33849699998973,1,1,18.853000015951693,0.6774999783374369,19.53049999428913
61.387175899988506,1,1,18.163400003686547,0.6163000361993909,18.779700039885938
61.43550720001804,1,1,17.32579997042194,0.708900042809546,18.034700013231486
61.48262920003617,1,1,17.78679998824373,0.6616999744437635,18.448499962687492
61.531296200002544,1,1,18.01200001500547,0.6689999718219042,18.680999986827374
61.578619899984915,1,1,17.811300000175834,0.6425000028684735,18.453800003044307
61.64451220002957,1,1,27.02609996777028,0.8545999880880117,27.88069995585829
61.6918641999946,1,1,32.68850001040846,1.4845000114291906,34.17300002183765
61.74207410000963,1,1,40.052999975159764,1.0711000068113208,41.124099981971085
61.78825769998366,1,1,36.72810003627092,1.0192000190727413,37.74730005534366
61.83834150002804,1,1,28.3948999713175,1.0955000179819763,29.490399989299476
61.88380449998658,1,1,29.413300042506307,0.8940999978221953,30.307400040328503
61.94812549999915,1,1,24.677300010807812,0.7805000059306622,25.457800016738474
61.996661000011954,1,1,30.18469997914508,0.9261000086553395,31.11079998780042
62.04465799999889,1,1,27.426599990576506,1.3210000470280647,28.74760003760457
62.09208909998415,1,1,24.90450005279854,1.6181999817490578,26.522700034547597
62.13986950000981,1,1,24.36510002007708,1.1439999798312783,25.509099999908358
62.187644299992826,1,1,24.380900023970753,0.9114000131376088,25.29230003710836
62.25307929998962,1,1,25.910800031851977,1.213699986692518,27.124500018544495
62.2999020999996,1,1,24.57830001367256,0.8096999954432249,25.388000009115785
62.347569999983534,1,1,29.892100021243095,0.9969000238925219,30.889000045135617
62.395280199998524,1,1,25.423899991437793,0.7795999990776181,26.20349999051541
62.44590920000337,1,1,29.650399985257536,0.8309000404551625,30.4813000257127
62.49167960003251,1,1,25.114299962297082,0.7454000297002494,25.85969999199733
62.55651269998634,1,1,34.47380004217848,0.9571999544277787,35.43099999660626
62.603105399990454,1,1,24.810400034766644,0.6870999932289124,25.497500027995557
62.65375080000376,1,1,24.886300030630082,0.927699962630868,25.81399999326095
62.70116070000222,1,1,32.63720002723858,1.4705999637953937,34.10779999103397
62.75003110000398,1,1,32.78499998850748,0.8353000157512724,33.62030000425875
62.796085999987554,1,1,32.42450003745034,0.8592999656684697,33.28380000311881
62.86026089999359,1,1,37.53460000734776,0.8430000161752105,38.37760002352297
62.90732170001138,1,1,31.133699987549335,1.0071999859064817,32.14089997345582
62.95815790002234,1,1,37.829099979717284,1.1890000314451754,39.01810001116246
63.0031469000387,1,1,35.22769996197894,0.8171999943442643,36.044899956323206
63.0553470000159,1,1,34.52180000022054,1.2159000034444034,35.73770000366494
63.101483699982055,1,1,38.12970005674288,0.9723999537527561,39.10210001049563
63.16379700001562,1,1,35.766599990893155,0.9684999822638929,36.73509997315705
63.21196520002559,1,1,25.22710000630468,0.8821999654173851,26.109299971722066
63.25978780002333,1,1,38.85630000149831,1.4734999858774245,40.329799987375736
63.30827510001836,1,1,44.37449999386445,0.8476999937556684,45.222199987620115
63.357265200000256,1,1,36.181600007694215,1.1081999982707202,37.289800005964935
63.403249600029085,1,1,28.527099988423288,0.914399977773428,29.441499966196716
63.46940589998849,1,1,32.083199999760836,1.1597000411711633,33.242900040932
63.516510499990545,1,1,24.902600038331002,1.9436999573372304,26.846299995668232
63.56545560003724,1,1,29.78189999703318,1.0016000014729798,30.78349999850616
63.612684899999294,1,1,26.26870002131909,0.9273000177927315,27.196000039111823
63.66076510003768,1,1,25.8256999659352,1.0677999816834927,26.893499947618693
63.70827980001923,1,1,44.654799974523485,0.9891000227071345,45.64389999723062
63.772830500034615,1,1,29.268799989949912,0.6700999801978469,29.93889997014776
63.81918950000545,1,1,26.40819997759536,1.0604000417515635,27.468600019346923
63.86927560000913,1,1,39.33170001255348,1.4005000120960176,40.7322000246495
63.915892800025176,2,1,35.384399991016835,0.680800003465265,36.0651999944821
63.965735899982974,2,1,22.73520000744611,0.8722000056877732,23.607400013133883
64.01243529998465,2,1,22.49520004261285,0.8279999601654708,23.32320000277832
64.07727840001462,2,1,26.500599982682616,0.8496000082232058,27.35019999090582
64.12573460000567,2,1,21.588100004009902,0.7619999814778566,22.35009998548776
64.17261310003232,1,1,23.12209998490289,0.6927999784238636,23.814899963326752
64.22100620000856,1,1,39.767000009305775,1.4395000180229545,41.20650002732873
64.26803810003912,1,1,35.12329998193309,0.8658000151626766,35.989099997095764
64.3154579999973,1,1,34.29360000882298,0.7831000257283449,35.07670003455132
64.38370750000468,1,1,60.361300013028085,1.7469999729655683,62.10829998599365
64.44989729998633,2,1,66.12490001134574,1.1397000052966177,67.26460001664236
64.5204636999988,2,1,24.346299993339926,1.0837000445462763,25.430000037886202
64.54856710002059,2,1,24.67600000090897,1.7108999891206622,26.386899990029633
64.5773007000098,2,1,22.57059997646138,0.8039000094868243,23.374499985948205
64.62031930004014,2,1,23.76759995240718,1.0500000207684934,24.817599973175675
64.68564999999944,2,1,32.28280000621453,0.7637999951839447,33.046600001398474
64.73257719998946,2,1,23.665100045036525,0.9447999764233828,24.609900021459907
64.78109330002917,2,1,24.802999978419393,1.0520999785512686,25.855099956970662
64.82872869999846,2,1,45.640300028026104,1.8460999708622694,47.48639999888837
64.880579699995,2,1,33.06660003727302,0.788699951954186,33.855299989227206
64.92306210001698,1,1,21.873599966056645,0.8188000065274537,22.6923999725841
64.97127300000284,1,1,26.187799987383187,0.8465000428259373,27.034300030209124
65.03726830001688,1,1,30.03199998056516,0.9599000331945717,30.991900013759732
65.08378280000761,1,1,25.481500022578984,0.7068999693728983,26.188399991951883
65.13148049998563,1,1,34.077600052114576,0.9018999990075827,34.97950005112216
65.18053700000746,1,1,26.262300030793995,0.8713999995961785,27.133700030390173
65.23101240000688,1,1,26.66620002128184,0.8718000026419759,27.538000023923814
65.27790680003818,1,1,27.47199998702854,1.787699991837144,29.259699978865683
65.33947750000516,1,1,25.946600013412535,0.8578000124543905,26.804400025866926
65.38787079998292,1,1,25.09250002913177,0.8678999729454517,25.960400002077222
65.43675430002622,1,1,33.628800010774285,0.9579999605193734,34.58679997129366
65.48593429999892,1,1,25.495200010482222,0.9425000171177089,26.43770002759993
65.53181830001995,1,1,24.83629999915138,1.0041000205092132,25.840400019660592
65.58152370003518,1,1,31.37409995542839,1.2889000354334712,32.66299999086186
65.6474753000075,1,1,60.42559997877106,1.2086000060662627,61.63419998483732
65.71164799999679,1,1,53.8992999936454,1.5637000324204564,55.463000026065856
65.77038190001622,1,1,46.3043000199832,0.9025000035762787,47.20680002355948
65.82087510003475,1,1,28.630899963900447,0.7727000047452748,29.40359996864572
65.8529886000324,1,1,23.583300004247576,0.8140999707393348,24.39739997498691
65.8835465000011,1,1,27.483300014864653,2.2320999996736646,29.715400014538318
65.95071499998448,1,1,31.001600029412657,1.7306000227108598,32.73220005212352
65.99792729999172,1,1,47.63460002141073,1.754299970343709,49.38889999175444
66.05049850000069,1,1,50.80299999099225,1.734799996484071,52.53779998747632
66.10562819999177,1,1,64.19030000688508,1.636000000871718,65.8263000077568
66.17403759999434,1,1,47.779500018805265,1.0482000070624053,48.82770002586767
66.22599390003597,1,1,40.94549996079877,1.4465000131167471,42.39199997391552
66.27135470003122,1,1,23.844299954362214,0.6828000186942518,24.527099973056465
66.29933320003329,1,1,24.340100004337728,0.8969999616965652,25.237099966034293
66.35089310002513,1,1,31.284799973946065,1.0989999864250422,32.38379996037111
66.39551240002038,1,1,23.920900013763458,196.40789995901287,220.32879997277632
66.61955380003201,1,1,42.46699996292591,0.9732000180520117,43.44019998097792
66.66685760003747,1,1,28.559899947140366,0.931000045966357,29.490899993106723
66.69949279999128,1,1,29.521399992518127,0.8782000513747334,30.39960004389286
66.74936310003977,1,1,34.31789996102452,1.6908000106923282,36.00869997171685
66.79590770002687,1,0,26.838299992959946,0.1438999897800386,26.982199982739985
66.8622963000089,1,0,40.06989998742938,0.2943000290542841,40.364200016483665
66.9116654000245,1,0,31.575499975588173,0.1412000274285674,31.71670000301674
66.95557809999445,1,1,24.7218000004068,1.188600028399378,25.91040002880618
67.00500380003359,1,0,27.121399994939566,0.15999999595806003,27.281399990897626
67.05479369999375,1,0,27.969999995548278,0.16910000704228878,28.139100002590567
67.10047460003989,1,0,24.307599989697337,0.3399999695830047,24.647599959280342
67.16392120003002,1,1,23.169799998868257,7.168399984948337,30.338199983816594
67.21328530000756,1,0,40.561000001616776,0.16559998039156199,40.72659998200834
67.26387540000724,1,0,44.17359997751191,0.16660004621371627,44.34020002372563
67.31138600001577,1,0,34.52260000631213,0.4316999693401158,34.95429997565225
67.3596891000052,1,0,38.940400001592934,0.21189998369663954,39.152299985289574
67.40450479998253,1,1,33.25500001665205,1.0871000122278929,34.34210002887994
67.46940350002842,1,0,34.7549999714829,0.16649998724460602,34.92149995872751
67.51823550002882,1,0,24.695799977052957,0.1653999788686633,24.86119995592162
67.56462520000059,1,0,49.95820001931861,0.1846000086516142,50.142800027970225
67.6176620000042,1,1,25.33420000690967,0.8421000093221664,26.176300016231835
67.66063150000991,1,0,24.110900005325675,0.2736999886110425,24.384599993936718
67.70772980002221,1,0,31.01569996215403,0.14270003885030746,31.15840000100434
67.77648629999021,1,0,45.23510002763942,0.23439998039975762,45.46950000803918
67.82555320003303,1,1,43.06259995792061,17.178800015244633,60.241399973165244
67.88914290000685,1,0,31.621000031009316,0.16709999181330204,31.78810002282262
67.92357710003853,1,0,24.884499958716333,0.15580002218484879,25.04029998090118
67.96445299999323,1,0,23.060900042764843,0.17689995002001524,23.237799992784858
68.01303390000248,1,0,24.62139999261126,0.17300003673881292,24.794400029350072
68.07689349999418,1,1,30.48830002080649,17.338500008918345,47.826800029724836
68.12725980003597,1,0,24.660900002345443,0.15869998605921865,24.81959998840466
68.17657690000487,1,0,28.924399986863136,0.18170004477724433,29.10610003164038
68.21965500002261,1,0,35.25959997205064,0.2538000117056072,35.513399983756244
68.27004770003259,1,0,35.58530000736937,0.2266999799758196,35.81199998734519
68.31800070003374,1,1,35.200699989218265,1.0833999840542674,36.28409997327253
68.38339080003789,1,0,31.041399983223528,0.20790001144632697,31.249299994669855
68.43271990003996,1,0,30.81149997888133,0.1689000055193901,30.98039998440072
68.47790860000532,1,0,28.079800016712397,0.24309998843818903,28.322900005150586
68.52563910000026,1,1,27.344800007995218,0.8966000168584287,28.241400024853647
68.57692600000883,1,0,28.246500005479902,0.19180000526830554,28.438300010748208
68.62207500002114,1,0,27.574500010814518,0.1686000032350421,27.74310001404956
68.6910918999929,1,0,32.262900029309094,0.16389996744692326,32.42679999675602
68.73149989999365,1,1,23.794300039298832,0.7817999576218426,24.576099996920675
68.7831017000135,1,0,34.66479998314753,0.1509999856352806,34.81579996878281
68.82808120001573,1,0,23.227399971801788,0.19970000721514225,23.42709997901693
68.88289429998258,1,0,27.230100007727742,0.17680000746622682,27.40690001519397
68.9243654999882,1,0,23.040000000037253,0.14240003656595945,23.182400036603212
68.9950089000049,1,1,32.659800024703145,16.803200007416308,49.46300003211945
69.04826390004018,1,0,33.742699946742505,0.5663000047206879,34.30899995146319
69.08697539998684,1,0,23.56630004942417,0.1427999814040959,23.709100030828267
69.13209319999442,1,0,25.21400002297014,0.18360000103712082,25.39760002400726
69.18039220001083,1,0,30.536799982655793,0.18259999342262745,30.71939997607842
69.22974620002788,1,1,32.593199983239174,0.9366999729536474,33.52989995619282
69.29504799999995,1,0,32.234499987680465,0.14020001981407404,32.37470000749454
69.34078440000303,1,0,27.284900017548352,0.15410000924021006,27.439000026788563
69.39164190000156,1,0,27.74610003689304,0.14859996736049652,27.894700004253536
69.43650409998372,1,1,23.876400024164468,1.0692999931052327,24.9457000172697
69.4854702000157,1,0,27.36659999936819,0.17529999604448676,27.541899995412678
69.5312874999945,1,0,23.251600039657205,0.14489999739453197,23.396500037051737
69.59850190003635,1,0,25.19729995401576,0.14180003199726343,25.339099986013025
69.64635970001109,1,1,32.34340000199154,16.911800019443035,49.255200021434575
69.69969590002438,1,0,34.49930000351742,0.2019999665208161,34.701299970038235
69.74131160002435,1,0,31.12549998331815,0.20180002320557833,31.32730000652373
69.7951624999987,1,0,30.55820002919063,0.17209997167810798,30.730300000868738
69.8364534000284,1,0,26.23899996979162,0.17220003064721823,26.41120000043884
69.90170280000893,1,1,28.128699981607497,16.839399992022663,44.96809997363016
69.95031250000466,1,0,24.808500020299107,0.1550999586470425,24.96359997894615
69.99770060001174,1,0,23.191999993287027,0.1427999814040959,23.334799974691123
70.04333670000779,1,0,24.045999976806343,0.16430002870038152,24.210300005506724
70.09275549999438,1,0,25.693100003991276,0.16490003326907754,25.858000037260354
70.1433631000109,1,1,33.747299981769174,18.096900021191686,51.84420000296086
70.19828710000729,1,0,25.621699984185398,0.1713000237941742,25.793000007979572
70.25423530000262,1,0,24.892000015825033,0.17660000594332814,25.06860002176836
70.3003792000236,1,0,26.656400004867464,0.15599996550008655,26.81239997036755
70.34841159998905,1,1,60.61220000265166,17.754700034856796,78.36690003750846
70.43000410002423,1,0,32.0073000038974,0.30640000477433205,32.31370000867173
70.46554730000207,1,0,26.094500033650547,0.14399999054148793,26.238500024192035
70.4947595000267,1,0,25.829799997154623,0.19809999503195286,26.027899992186576
70.55608419998316,1,1,24.911000044085085,0.7305999752134085,25.641600019298494
70.60594109998783,1,0,22.753900033421814,0.14509999891743064,22.899000032339245
70.652700799983,1,0,25.218900002073497,0.1428000396117568,25.361700041685253
70.70412320003379,1,0,33.97329995641485,0.15470001380890608,34.127999970223755
70.74777449999237,1,0,22.377500019501895,0.1401000190526247,22.51760003855452
70.79767900001025,1,1,38.57700002845377,1.6606999561190605,40.23769998457283
70.8627919999999,1,0,39.82980002183467,0.17439998919144273,40.004200011026114
70.90943290002178,1,0,35.30409996164963,0.16900000628083944,35.473099967930466
70.95538180001313,1,0,22.884999983944,0.1857000170275569,23.070700000971556
71.00968250003643,1,1,40.5573999742046,0.8632999961264431,41.42069997033104
71.05332579999231,1,0,23.524000018369406,0.152299995534122,23.67630001390353
71.10195750003913,1,0,33.24369998881593,0.18199998885393143,33.425699977669865
71.17076680000173,1,0,28.52220000931993,0.1509999856352806,28.673199994955212
71.21134879998863,1,1,22.706500021740794,0.7650000043213367,23.47150002606213
71.26082880003378,1,0,29.58149998448789,0.16799999866634607,29.749499983154237
71.30974300001981,1,0,31.43049997743219,0.25320000713691115,31.683699984569103
71.35944040003233,1,0,28.491599950939417,0.15100004384294152,28.64259999478236
71.40571399999317,1,0,23.726200044620782,0.16060000052675605,23.886800045147538
71.4714105000021,1,1,27.903800015337765,0.8865999989211559,28.79040001425892
71.51550969999516,1,0,24.854800023604184,0.14519999967887998,25.000000023283064
71.5670240999898,1,0,24.950699997134507,0.1428000396117568,25.093500036746264
71.61278190003941,1,0,24.990899953991175,0.13830000534653664,25.12919995933771
71.66156839998439,1,0,33.81140000419691,0.2327000256627798,34.04410002985969
71.71231179998722,1,1,25.17219999572262,0.7586000137962401,25.93080000951886
71.77499330003047,1,1,38.85489999083802,1.0275999666191638,39.882499957457185
71.82144870003685,1,0,22.993899998255074,0.15059998258948326,23.144499980844557
71.86896520003211,1,0,25.850399979390204,0.14239997835829854,25.992799957748502
71.91642930003582,1,0,24.42719996906817,0.14070002362132072,24.56789999268949
71.96493529999861,1,0,27.056300023104995,0.17010001465678215,27.226400037761778
72.01389830000699,1,1,25.59650002513081,16.976899991277605,42.573400016408414
72.07941030000802,1,0,28.04090001154691,0.1534000039100647,28.194300015456975
72.12373970000772,1,0,23.481199983507395,0.16360002337023616,23.64480000687763
72.17491960001644,1,0,27.823799988254905,0.15109998639672995,27.974899974651635
72.22108129999833,1,1,22.214800002984703,0.7578000077046454,22.972600010689348
72.27120700001251,1,0,23.63750000949949,0.1870999694801867,23.824599978979677
72.31841930001974,1,0,35.25630000513047,0.20949996542185545,35.465799970552325
72.38370519998716,1,0,28.241500025615096,0.13910001143813133,28.380600037053227
72.42902550002327,1,1,23.603799985721707,0.7660000119358301,24.369799997657537
72.47974849998718,1,0,27.81550004146993,0.1490999711677432,27.964600012637675
72.52404719998594,1,0,25.02570004435256,0.19329995848238468,25.219000002834946
72.57439100003103,1,0,28.164399962406605,0.15330000314861536,28.31769996555522
72.62180409999564,1,0,23.6614000168629,0.24079997092485428,23.902199987787753
72.68722930003423,1,1,30.215199978556484,17.951900023035705,48.16710000159219
72.73841089999769,1,0,32.65619999729097,0.22620003437623382,32.8824000316672
72.78020670003025,1,0,23.00909999758005,0.14739995822310448,23.156499955803156
72.83020950003993,1,0,30.102199991233647,0.14759995974600315,30.24979995097965
72.87581510003656,1,0,22.93379994807765,0.14540000120177865,23.079199949279428
72.92619760002708,1,1,25.241299998015165,0.7499000057578087,25.991200003772974
72.99392169999192,1,0,27.45120000327006,0.14320004265755415,27.594400045927614
73.03651370003354,1,0,22.623499971814454,0.14970003394410014,22.773200005758554
73.08527009998215,1,0,24.497500038705766,0.2589999930933118,24.756500031799078
73.1329415999935,1,1,26.426700002048165,0.8698999881744385,27.296599990222603
73.18371569999726,1,0,24.857399985194206,0.21090003428980708,25.068300019484013
73.23087070003385,1,1,28.573399991728365,1.0357999708503485,29.609199962578714
73.29557860002387,1,1,26.738199987448752,0.8108000038191676,27.54899999126792
73.33944210002664,1,0,22.109599958639592,0.14700001338496804,22.25659997202456
73.38895649998449,1,0,23.15750002162531,0.1542000100016594,23.31170003162697
73.43934009998338,1,0,32.89750003023073,0.21809997269883752,33.11560000292957
73.48339629999828,1,0,22.974900028202683,0.19109999993816018,23.166000028140843
73.53569430002244,1,1,27.524799981620163,16.407000017352402,43.931799998972565
73.5976107000024,1,0,30.522799992468208,0.1716000260785222,30.69440001854673
73.6459513999871,1,0,23.88780005276203,0.1802999759092927,24.068100028671324
73.69528660003562,1,0,31.144099950324744,0.1523000537417829,31.296400004066527
73.73964380001416,1,1,22.38400001078844,0.9034000104293227,23.287400021217763
73.7894598999992,1,0,24.451600038446486,0.1490999711677432,24.60070000961423
73.83903770003235,1,0,23.684299958404154,0.14870002632960677,23.83299998473376
73.90216330002295,1,0,23.289899982046336,0.1509999856352806,23.440899967681617
73.94855620001908,1,1,37.09920000983402,16.91379997646436,54.01299998629838
74.00550730002578,1,0,28.153899998869747,0.24999998277053237,28.40389998164028
74.04579980002018,1,0,26.956000016070902,0.16339996363967657,27.11939997971058
74.09512080001878,1,0,25.075500016100705,0.16080000204965472,25.23630001815036
74.14101210003719,1,0,34.77119997842237,0.18749997252598405,34.95869995094836
74.20706739998423,1,1,35.110500000882894,16.859900031704456,51.97040003258735
74.2617159000365,1,0,25.394399999640882,0.15979999443516135,25.554199994076043
74.30108539998764,1,0,24.634400033392012,0.222400005441159,24.85680003883317
74.34928409999702,1,0,28.40680000372231,0.1914000022225082,28.59820000594482
74.39796100003878,1,0,34.456699970178306,0.1637000241316855,34.62039999430999
74.44539559999248,1,1,27.081800042651594,0.8025999995879829,27.884400042239577
74.5116657000035,1,0,33.77749997889623,0.1433000434190035,33.920800022315234
74.55680640001083,1,0,23.079400009009987,0.15540001913905144,23.23480002814904
74.60470150003675,1,0,23.949099995661527,0.1392999547533691,24.088399950414896
74.65571980003733,1,1,26.21250000083819,0.7933999877423048,27.005899988580495
74.69992009998532,1,0,27.902400004677474,0.16719999257475138,28.069599997252226
74.75095690001035,1,0,28.25129998382181,0.17549999756738544,28.426799981389195
74.81684069999028,1,0,29.280400020070374,0.14910002937540412,29.429500049445778
74.85976469999878,1,1,24.977900029625744,1.0059999767690897,25.983900006394833
74.90958650002722,1,0,31.104499998036772,0.16230001347139478,31.266800011508167
74.95657500001835,1,0,26.704000018071383,0.16359996516257524,26.86759998323396
75.00814809999429,1,0,25.17979999538511,0.1629000180400908,25.3427000134252
75.05532350001158,1,0,23.37690000422299,0.14830002328380942,23.5252000275068
75.1010360000073,1,1,33.00160000799224,16.97330002207309,49.97490003006533
75.16597050003475,1,0,29.52260000165552,0.15879998682066798,29.681399988476187
75.2149792999844,1,0,25.21089999936521,0.1664000446908176,25.377300044056028
75.26240430003963,1,0,31.75389999523759,0.1710999640636146,31.924999959301203
75.30931270000292,1,1,35.00770003302023,1.0189999593421817,36.02669999236241
75.35572480002884,1,0,26.76069998415187,0.18079997971653938,26.94149996386841
75.40595159999793,1,0,35.283800039906055,0.21619995823130012,35.499999998137355
75.47326060000341,1,0,28.484200011007488,0.15380000695586205,28.63800001796335
75.51546259998577,1,1,26.15910000167787,0.7399000460281968,26.899000047706068
75.56541229999857,1,0,26.100800023414195,0.18089998047798872,26.281700003892183
75.61274080001749,1,0,24.367399979382753,0.14720001490786672,24.51459999429062
75.66441179998219,1,0,30.125200049951673,0.16840000171214342,30.293600051663816
75.7073037000373,1,0,24.664799973834306,0.16009999671950936,24.824899970553815
75.77307039999869,1,1,23.88340001925826,0.9671999723650515,24.850599991623312
75.821074699983,1,0,23.767300008330494,0.14600000577047467,23.91330001410097
75.87249640002847,1,0,28.066399972885847,0.18850003834813833,28.254900011233985
75.91939759999514,1,0,29.607900010887533,0.2615000121295452,29.86940002301708
75.96611129998928,1,0,30.02780000679195,0.21580001339316368,30.243600020185113
76.01423710002564,1,1,32.280299987178296,17.61939999414608,49.899699981324375
76.07810210000025,1,0,36.23580001294613,0.2297000028192997,36.46550001576543
76.1287122000358,1,1,30.139599984977394,1.0984999826177955,31.23809996759519
76.1714141999837,1,1,22.900900046806782,1.4928999589756131,24.393800005782396
76.2211528000189,1,0,25.91169998049736,0.20680000307038426,26.118499983567744
76.27417869999772,1,0,28.731600032188,0.14620000729337335,28.87780003948137
76.31550610001432,1,0,24.465200025588274,0.19539997447282076,24.660600000061095
76.3824847000069,1,1,23.913500015623868,18.311999971047044,42.22549998667091
76.43109319999348,1,0,35.89200001442805,0.14870002632960677,36.040700040757656
76.47624430002179,1,0,33.111499971710145,0.16300001880154014,33.274499990511686
76.52532170002814,1,0,28.25279999524355,0.15969999367371202,28.41249998891726
76.57433199998923,1,0,22.469600022304803,0.14999997802078724,22.61960000032559
76.62104930001078,1,1,23.444399994332343,17.444099998101592,40.888499992433935
76.68784870003583,1,0,29.79349996894598,0.14379998901858926,29.93729995796457
76.73149249999551,1,0,23.61390000442043,0.17040001694113016,23.78430002136156
76.78586330002872,1,0,26.702500006649643,0.15769997844472528,26.86019998509437
76.8284064999898,1,1,23.698000004515052,0.7250999915413558,24.423099996056408
76.87767369998619,1,0,25.466900027822703,0.18179998733103275,25.648700015153736
76.92523330001859,1,0,33.05309999268502,0.1873999717645347,33.240499964449555
76.99171620002016,1,0,34.51049997238442,0.14509999891743064,34.655599971301854
77.03656979999505,1,1,33.61340000992641,16.779700003098696,50.393100013025105
77.08924230001867,1,0,25.114100018981844,0.172699976246804,25.286799995228648
77.13448070001323,1,0,29.34760000789538,0.15360000543296337,29.501200013328344
77.18022660003044,1,0,23.335499980021268,0.14830002328380942,23.483800003305078
77.22890670003835,1,0,24.90699995541945,0.14590000500902534,25.052899960428476
77.29807050002273,1,1,28.61410001059994,17.54519995301962,46.15929996361956
77.34758860000875,1,0,31.283200019970536,0.14759995974600315,31.43079997971654
77.38727310003014,1,0,23.99299998069182,0.1398000167682767,24.132799997460097
77.43934310000623,1,0,30.04270000383258,0.15510001685470343,30.197800020687282
77.48710780002875,1,0,24.161499983165413,0.17469999147579074,24.336199974641204
77.53322829998797,1,1,31.8457999965176,17.075300042051822,48.92110003856942
77.59732529998291,1,0,29.79370002867654,0.20489998860284686,29.998600017279387
77.64577230002033,1,0,34.65449996292591,0.17770001431927085,34.83219997724518
77.69501560000936,1,0,28.430200007278472,0.16140000661835074,28.591600013896823
77.73952270002337,1,1,26.175800012424588,1.1387999984435737,27.314600010868162
77.79053220001515,1,0,29.16849998291582,0.18309999722987413,29.351599980145693
77.8379697999917,1,0,36.24159999890253,0.18309999722987413,36.424699996132404
77.9023404000327,1,0,25.5590999731794,0.1438999897800386,25.70299996295944
77.95141189999413,1,1,30.75229999376461,17.56580005167052,48.31810004543513
78.00190969998948,1,0,23.76950002508238,0.16330002108588815,23.932800046168268
78.04461570002604,1,0,28.48089998587966,0.14439999358728528,28.625299979466945
78.09322650003014,1,0,30.464099952951074,0.1420000335201621,30.606099986471236
78.14240930002416,1,0,51.34379997616634,0.23790000705048442,51.58169998321682
78.21077790000709,1,1,25.720299978274852,1.4595000538975,27.179800032172352
78.25314109999454,1,0,28.99640001123771,0.29200001154094934,29.28840002277866
78.30182320001768,1,0,27.108200010843575,0.15440001152455807,27.262600022368133
78.34942119999323,1,0,24.749300035182387,0.14189997455105186,24.89120000973344
78.39983519999078,1,0,36.82050004135817,0.1897999900393188,37.01030003139749
78.44444699998712,1,1,27.617700048722327,1.1141999857500196,28.731900034472346
78.51137830002699,1,0,27.58589998120442,0.1737999846227467,27.759699965827167
78.55540529999416,1,0,27.256600034888834,0.14919997192919254,27.405800006818026
78.60669660003623,1,0,23.818599991500378,0.1468999544158578,23.965499945916235
78.65358740004012,1,1,35.400499997194856,0.9182999492622912,36.31879994645715
78.7027390000294,1,0,25.12219996424392,0.16380002489313483,25.285999989137053
78.74903940001968,1,0,25.020300003234297,0.15279999934136868,25.173100002575666
78.81480120000197,1,0,29.07769999001175,0.14680001186206937,29.22450000187382
78.86153809999814,1,1,26.185000024270266,0.9590999688953161,27.144099993165582
78.90779959998326,1,0,25.685900007374585,0.18800003454089165,25.873900041915476
78.95590210001683,1,0,23.967400018591434,0.15609996626153588,24.12349998485297
79.00355940003647,1,0,36.43159999046475,0.18929998623207211,36.62089997669682
79.05150970001705,1,1,26.953699998557568,0.8773999870754778,27.831099985633045
79.11854330002097,1,0,32.62489999178797,0.1653999788686633,32.79029997065663
79.16575009998633,1,0,23.730400018393993,0.3215000033378601,24.051900021731853
79.21193910000147,1,0,25.739600008819252,0.1829999964684248,25.922600005287677
79.26023419998819,1,1,27.627900009974837,1.0992999887093902,28.727199998684227
79.30958930001361,1,0,31.30319999763742,0.15899998834356666,31.462199985980988
79.35619399999268,1,0,37.722600041888654,0.2093999646604061,37.93200000654906
79.4199718000018,1,0,41.83310002554208,0.18500001169741154,42.01810003723949
79.4673507999978,1,1,34.725300036370754,1.0437999735586345,35.76910000992939
79.51655290002236,1,1,23.836900014430285,0.7464999798685312,24.583399994298816
79.56493240001146,1,1,24.786200025118887,0.8467999869026244,25.633000012021512
79.61296779999975,1,1,27.007400000002235,0.7288000197149813,27.736200019717216
79.65999459999148,0,0,24.47589999064803,0.004200031980872154,24.480100022628903
79.72416759998305,0,0,14.625400013756007,0.004700035788118839,14.630100049544126
79.77888390002772,0,0,16.426799993496388,0.004399975296109915,16.431199968792498
79.82335630001035,0,1,17.81940000364557,0.7165999850258231,18.535999988671392
79.87147140002344,0,0,19.72739998018369,0.019900035113096237,19.747300015296787
79.91799200000241,0,0,16.884699987713248,0.01290004001930356,16.89760002773255
79.97045030002482,0,0,17.47560000512749,0.021199986804276705,17.496799991931766
80.0292991999886,0,1,17.796400003135204,17.437400005292147,35.23380000842735
80.07748420001008,0,0,14.778000011574477,0.01479999627918005,14.792800007853657
80.12700159999076,0,0,27.739300043322146,0.013299984857439995,27.752600028179586
80.17453050002223,1,0,32.4407999869436,0.23280002642422915,32.67360001336783
80.22310970001854,1,1,28.29709998331964,0.9052000241354108,29.20230000745505
80.26894179999363,1,0,26.666600024327636,0.14239997835829854,26.809000002685934
80.3172479000059,1,0,30.70010000374168,0.1474000164307654,30.847500020172447
80.38453839998692,1,1,27.26470003835857,0.7969000143930316,28.0616000527516
80.43000089999987,1,0,25.170200038701296,0.20049995509907603,25.370699993800372
80.47568909998517,1,0,26.91320003941655,0.15199999324977398,27.065200032666326
80.52340830001049,0,0,26.78170002764091,0.0048999791033566,26.786600006744266
80.57136480003828,0,0,15.443199954461306,0.004500034265220165,15.447699988726526
80.621269700001,0,0,23.281600035261363,0.008499948307871819,23.290099983569235
80.68776150001213,0,1,17.46070000808686,17.401999968569726,34.862699976656586
80.73220700002275,0,0,14.737999998033047,0.013699987903237343,14.751699985936284
80.7859790000366,0,0,18.28269998077303,0.015300000086426735,18.29799998085946
80.82961600000272,0,0,14.977900020312518,0.02829998265951872,15.006200002972037
80.88038689998211,0,0,20.697600033599883,0.026399968191981316,20.724000001791865
80.92693760001566,0,1,20.410099998116493,17.868799972347915,38.27889997046441
80.98968940001214,0,0,13.931100023910403,0.01599994720891118,13.947099971119314
81.03931910003303,0,0,19.241200003307313,0.01769996015354991,19.258899963460863
81.08853090001503,0,0,41.36630002176389,0.05509995389729738,41.42139997566119
81.13363920000847,0,1,19.58560000639409,0.8679999737069011,20.45359998010099
81.18172480002977,0,0,18.716199963819236,0.021200045011937618,18.737400008831173
81.22765559999971,0,0,19.362599996384233,0.023600005079060793,19.386200001463294
81.29514890001155,0,0,27.48669998254627,0.021499989088624716,27.508199971634895
81.34384350001346,0,1,22.808599984273314,17.026200017426163,39.83480000169948
81.3907052000286,0,0,20.695999963209033,0.014599994756281376,20.710599957965314
81.43702080001822,0,0,20.338599977549165,0.017300015315413475,20.35589999286458
81.48488020000514,0,0,15.597600024193525,0.018099963199347258,15.615699987392873
81.53352920000907,0,0,18.197599973063916,0.014400051441043615,18.21200002450496
81.60235020000255,0,1,22.172000026330352,0.9236999903805554,23.095700016710907
81.6464303000248,0,0,25.828399986494333,0.02169999061152339,25.850099977105856
81.69413359998725,0,0,23.473800043575466,0.020199979189783335,23.49400002276525
81.7424372000387,0,0,23.56199995847419,0.023600005079060793,23.58559996355325
81.79283069999656,0,0,34.69579998636618,0.01680001150816679,34.71259999787435
81.83522660000017,0,1,25.646900001447648,16.694299993105233,42.34119999455288
81.90125920000719,0,0,21.107300010044128,0.02039998071268201,21.12769999075681
81.95016360003501,0,0,18.14189995639026,0.014000048395246267,18.155900004785508
82.00274199998239,0,0,15.809200005605817,0.014400051441043615,15.82360005704686
82.04649239999708,0,1,21.121400000993162,0.9584000217728317,22.079800022765994
82.09456649998901,0,0,17.558899999130517,0.017700018361210823,17.576600017491728
82.14291160000721,0,0,35.83990002516657,0.017499958630651236,35.85739998379722
82.40707389998715,0,1,26.44500002497807,0.8161999867297709,27.261200011707842
82.47043779998785,0,0,24.700400012079626,0.01780001912266016,24.718200031202286
82.50828589999583,0,0,23.65550003014505,0.015600002370774746,23.671100032515824
82.55656190001173,0,0,25.04370000679046,0.01680001150816679,25.060500018298626
82.60463760001585,0,0,29.116999998223037,0.017300015315413475,29.13430001353845
82.6519830999896,0,1,13.738000008743256,7.266800035722554,21.00480004446581
82.70322369999485,0,0,19.06250003958121,0.01829996472224593,19.080800004303455
82.74953490000917,0,0,18.577500013634562,0.01580000389367342,18.593300017528236
82.81580229999963,0,0,22.044099983759224,0.02640002639964223,22.070500010158867
82.86292490002234,0,1,18.127699964679778,0.7333999965339899,18.861099961213768
82.910542800033,0,0,17.152899992652237,0.018599967006593943,17.17149995965883
82.95804220001446,0,0,20.163599983789027,0.015500001609325409,20.179099985398352
83.00531849998515,0,0,28.527700051199645,0.01629994949325919,28.544000000692904
83.05309340002714,0,0,17.10489997640252,0.015400000847876072,17.120299977250397
83.11843840003712,0,1,17.775799962691963,18.26099999016151,36.03679995285347
83.16861160000553,0,0,15.70059999357909,0.014399993233382702,15.714999986812472
83.21588400000473,0,0,19.5897999801673,0.01950003206729889,19.6093000122346
83.2628781000385,0,0,16.08409994514659,0.01460005296394229,16.098699998110533
83.31019530002959,0,0,17.837999970652163,0.015700003132224083,17.853699973784387
83.35761569999158,0,1,22.402800037525594,17.37309998134151,39.775900018867105
83.4242020000238,0,0,28.50899996701628,0.015099998563528061,28.524099965579808
83.46748859999934,0,0,24.4241000036709,0.01580000389367342,24.439900007564574
83.51523860002635,0,0,23.122199985664338,0.01899997005239129,23.14119995571673
83.5648067999864,0,1,33.11390004819259,0.783399969805032,33.89730001799762
83.61759029998211,0,0,27.54910005023703,0.01610000617802143,27.56520005641505
83.65992010000627,0,0,26.156799984164536,0.014299992471933365,26.17109997663647
83.72516580001684,0,0,29.286400007549673,0.014499993994832039,29.300900001544505
83.77168940001866,0,1,22.842700011096895,0.6995999719947577,23.542299983091652
83.82459350000136,0,0,33.05130003718659,0.019099970813840628,33.07040000800043
83.86767120001605,0,0,14.976900012698025,0.015099998563528061,14.992000011261553
83.91950930003077,0,0,31.748199951834977,0.017000013031065464,31.765199964866042
83.96426209999481,0,0,13.259600033052266,0.014199991710484028,13.27380002476275
84.03182139998535,0,1,15.556400001514703,17.735600005835295,33.29200000735
84.08017989998916,1,1,28.660500014666468,0.7357000140473247,29.396200028713793
84.34281300002476,0,1,39.113699982408434,0.9162999922409654,40.0299999746494
84.42268389998935,0,0,21.304800000507385,0.016000005416572094,21.320800005923957
84.44668360002106,0,0,12.608099961653352,0.01580000389367342,12.623899965547025
84.47515280003427,0,0,12.848799990024418,0.01610000617802143,12.864899996202439
84.5264707999886,0,0,26.517100050114095,0.013899989426136017,26.53100003954023
84.57279750000453,0,1,24.759799998719245,0.7969000143930316,25.556700013112277
84.63791809999384,0,0,20.599900046363473,0.015499943401664495,20.615399989765137
84.685590100009,0,0,20.86260000942275,0.015500001609325409,20.878100011032075
84.7362575000152,0,0,17.083599988836795,0.013999990187585354,17.09759997902438
84.78234800003702,0,1,31.353099970147014,16.619800007902086,47.9728999780491
84.83405360003235,0,0,15.49749996047467,0.016200006939470768,15.51369996741414
84.87825000000885,0,0,33.706000016536564,0.03170000854879618,33.73770002508536
84.94330470002024,1,0,35.341500013601035,0.14209997607395053,35.483599989674985
84.98939970001811,0,0,24.68630002113059,0.005199981387704611,24.691500002518296
85.03611039998941,0,0,24.158600019291043,0.004399975296109915,24.162999994587153
85.08408030000282,0,0,28.976300032809377,0.0048999791033566,28.981200011912733
85.13365189998876,0,0,16.143200045917183,0.004199973773211241,16.147400019690394
85.18184309999924,0,1,17.822600028011948,0.9978999732993543,18.820500001311302
85.2336154000368,0,0,13.947099971119314,0.016200006939470768,13.963299978058785
85.29304140002932,0,0,15.613499970640987,0.018400023691356182,15.631899994332343
85.34144240000751,0,0,16.904300020541996,0.014199991710484028,16.91850001225248
85.38864120002836,0,1,14.361899986397475,0.7677999674342573,15.129699953831732
85.44080089998897,0,0,16.215600015129894,0.014299992471933365,16.229900007601827
85.48504970001522,0,0,14.462599996477365,0.016600009985268116,14.479200006462634
85.53338480001548,0,0,18.086600000970066,0.015900004655122757,18.10250000562519
85.59665210003732,0,1,15.76729997759685,0.6274000043049455,16.394699981901795
85.64854490000289,0,0,14.335700019728392,0.015900004655122757,14.351600024383515
85.69494580000173,0,0,18.834499991498888,0.014399993233382702,18.84889998473227
85.74334859999362,0,0,20.575500035192817,0.018499966245144606,20.594000001437962
85.78926990000764,0,0,17.50369998626411,0.015300000086426735,17.518999986350536
85.8400346999988,0,1,21.193600026890635,18.369800003711134,39.56340003060177
85.90247010003077,0,0,17.2560999635607,0.018200022168457508,17.274299985729158
85.94852780003566,0,0,27.23609999520704,0.028799986466765404,27.264899981673807
85.99595840001712,0,0,12.72860000608489,0.016200006939470768,12.74480001302436
86.04491890000645,0,1,16.244900005403906,0.6679000216536224,16.91280002705753
86.09651549998671,0,0,15.570000046864152,0.01379998866468668,15.583800035528839
86.1422405000194,0,0,32.711600011680275,0.015400000847876072,32.72700001252815
86.20534680003766,0,0,26.31489996565506,0.013599987141788006,26.328499952796847
86.25308110000333,0,1,26.68489998904988,17.654100025538355,44.33900001458824
86.30167220003204,0,0,24.632099957671016,0.05920004332438111,24.691300000995398
86.34988679998787,0,0,18.740200030151755,0.014299992471933365,18.754500022623688
86.39758660004009,0,0,16.314799955580384,0.01479999627918005,16.329599951859564
86.44616410002345,0,0,23.074799973983318,0.018300022929906845,23.093099996913224
86.50768760003848,0,1,22.095399966929108,0.7643999997526407,22.85979996668175
86.55907389998902,0,0,22.397799999453127,0.022799998987466097,22.420599998440593
86.60413570003584,0,0,24.852799950167537,0.02800003858283162,24.88079998875037
86.65205119998427,0,0,13.428100035525858,0.025200017262250185,13.453300052788109
86.70088860002579,0,0,19.691699999384582,0.025399960577487946,19.71709995996207
86.74988429999212,0,1,18.82830000249669,0.977999996393919,19.80629999889061
86.81594980001682,0,0,22.610299987718463,0.022799998987466097,22.63309998670593
86.86321280000266,0,0,25.31480003381148,0.017599959392100573,25.33239999320358
86.91029620001791,0,0,14.802300021983683,0.015300000086426735,14.81760002207011
86.96023050002987,0,1,19.663399958517402,6.484100013040006,26.14749997155741
87.0078301000176,0,0,18.965399998705834,0.021299987565726042,18.98669998627156
87.05503719998524,0,0,20.222000021021813,0.020299979951232672,20.242300000973046
87.1185373000335,0,0,35.879399976693094,0.017600017599761486,35.896999994292855
87.163804300013,0,1,30.828399991150945,0.7875000010244548,31.6158999921754
87.21206390002044,0,0,24.698699999134988,0.017300015315413475,24.7160000144504
87.26039419998415,0,0,16.608400037512183,0.016700010746717453,16.6251000482589
87.31078739999793,0,0,37.774100026581436,0.017499958630651236,37.79159998521209
87.35713800002122,0,0,15.10039996355772,0.0149000552482903,15.11530001880601
87.41889750002883,0,1,12.379599967971444,17.227100033778697,29.60670000175014
87.47321389999706,0,0,16.818600008264184,0.01680001150816679,16.83540001977235
87.5168021999998,0,0,13.105100020766258,0.02039998071268201,13.12550000147894
87.56750970002031,0,0,17.856699996627867,0.01750001683831215,17.87420001346618
87.61352940002689,0,0,17.229999997653067,0.014699995517730713,17.244699993170798
87.66181120002875,0,1,22.748199990019202,17.37339998362586,40.12159997364506
87.7274012999842,0,0,16.698700026609004,0.016000005416572094,16.714700032025576
87.77671180001926,0,0,16.826900013256818,0.016899954061955214,16.843799967318773
87.82203750003828,0,0,17.479199974332005,0.018600025214254856,17.49779999954626
87.86930389999179,0,1,17.79250003164634,0.7811000104993582,18.5736000421457
87.91877899999963,0,0,13.882300001569092,0.014199991710484028,13.896499993279576
87.96613280003658,0,0,18.36159999947995,0.02069998299703002,18.38229998247698
88.03105910000158,0,0,18.38510000379756,0.01680001150816679,18.401900015305728
88.07853759999853,0,1,33.78110000630841,16.866200021468103,50.64730002777651
88.13174520002212,0,0,22.04309997614473,0.028200040105730295,22.07130001625046
88.17695910000475,0,0,16.097299987450242,0.027900037821382284,16.125200025271624
88.22304290003376,0,0,35.830099950544536,0.017000013031065464,35.8470999635756
88.26813019998372,0,0,25.75750002870336,0.015600002370774746,25.773100031074136
88.33526259998325,0,1,31.874400039669126,17.215800005942583,49.09020004561171
88.38737700000638,0,0,14.900700014550239,0.017000013031065464,14.917700027581304
88.42978910001693,0,0,17.492300015874207,0.014499993994832039,17.50680000986904
88.47845170000801,0,0,17.68889999948442,0.016000005416572094,17.704900004900992
88.5280643000151,0,0,16.828599967993796,0.01460005296394229,16.843200020957738
88.57640730001731,0,1,15.101399971172214,6.379200029186904,21.480600000359118
88.63970050000353,0,0,25.808500009588897,0.013199984095990658,25.821699993684888
88.68443439999828,0,0,27.442999999038875,0.015099998563528061,27.458099997602403
88.73360310000135,0,0,15.393399982713163,0.015199999324977398,15.40859998203814
88.78331349999644,0,1,40.64339998876676,17.920800019055605,58.564200007822365
88.84448279999197,0,0,30.78620001906529,0.01680001150816679,30.803000030573457
88.87852010002825,0,0,25.07779997540638,0.014699995517730713,25.09249997092411
88.9420403999975,0,0,19.100600038655102,0.016499951016157866,19.11709998967126
88.99106560001383,0,1,14.434400014579296,0.588800001423806,15.023200016003102
89.03875499998685,0,0,15.828400035388768,0.016700010746717453,15.845100046135485
89.08619659999385,0,0,18.958900007419288,0.021299987565726042,18.980199994985014
89.13481260003755,0,0,19.95709998300299,0.01999997766688466,19.977099960669875
89.18245920003392,0,0,18.617499968968332,0.014299992471933365,18.631799961440265
89.24769920000108,0,1,21.108900022227317,17.788500001188368,38.897400023415685
89.29807670001173,0,0,19.310600007884204,0.021099986042827368,19.33169999392703
89.33919920003973,0,0,13.704599987249821,0.021299987565726042,13.725899974815547
89.38846970000304,0,0,20.444000023417175,0.017099955584853888,20.46109997900203
89.43994670000393,0,0,16.59230003133416,0.01409999094903469,16.606400022283196
89.48768399999244,0,1,23.273700033314526,1.0551000013947487,24.328800034709275
89.5482486000401,0,0,24.15719995042309,0.014000048395246267,24.171199998818338
89.59517049998976,0,0,13.382700039073825,0.01650000922381878,13.399200048297644
89.64381600002525,0,0,14.24709998536855,0.014399993233382702,14.261499978601933
89.69355140003609,0,1,19.973999995272607,0.8648000075481832,20.83880000282079
89.74607990001095,0,0,34.12010002648458,0.01899997005239129,34.13909999653697
89.78732760000275,0,0,26.891399989835918,0.013700046110898256,26.905100035946816
89.8519167000195,0,0,15.835099969990551,0.02300000051036477,15.858099970500916
89.90032399998745,0,1,14.096200000494719,0.6908000214025378,14.787000021897256
89.94860140001401,0,0,13.831500022206455,0.013199984095990658,13.844700006302446
89.99572700000135,0,0,18.95450003212318,0.015099998563528061,18.969600030686706
90.04366339999251,0,0,13.102900004014373,0.016300007700920105,13.119200011715293
90.09128580003744,0,0,13.747199962381274,0.016300007700920105,13.763499970082194
90.15864430001238,0,1,20.264599996153265,16.737400030251592,37.00200002640486
90.20895639999071,0,0,16.70360000571236,0.019300030544400215,16.72290003625676
90.25211400003172,0,0,27.312599995639175,0.021099986042827368,27.333699981682003
90.29989309998928,0,0,12.831300031393766,0.02500001573935151,12.856300047133118
90.34949310001684,0,0,21.39900001930073,0.021899992134422064,21.42090001143515
90.39910540002165,0,1,22.254400013480335,0.7575999479740858,23.01199996145442
90.44531789998291,0,0,15.110500040464103,0.015400000847876072,15.12590004131198
90.50885290000588,0,0,16.21189998695627,0.014699995517730713,16.226599982474
90.5582693000324,0,0,18.59969994984567,0.016900012269616127,18.616599962115288
90.60287810000591,0,1,14.255199988838285,0.602699990849942,14.857899979688227
90.65283040003851,0,0,14.774099981877953,0.01829996472224593,14.792399946600199
90.70593729999382,0,0,18.488400033675134,0.016200006939470768,18.504600040614605
90.75091790000442,0,0,18.175999983213842,0.01479999627918005,18.190799979493022
90.81398109998554,0,1,21.426200051791966,18.18219997221604,39.608400024008006
90.86373879999155,0,0,22.4271000479348,0.02069998299703002,22.44780003093183
90.90990810003132,0,0,19.19829996768385,0.014499993994832039,19.212799961678684
90.95595199998934,0,0,15.904600033536553,0.026999972760677338,15.93160000629723
91.00470809999388,0,0,15.402899996843189,0.016900012269616127,15.419800009112805
91.05212340003345,0,1,14.02179995784536,17.231700010597706,31.253499968443066
91.12134409998544,0,0,14.74200002849102,0.015600002370774746,14.757600030861795
91.16490810003597,0,0,15.265299996826798,0.016799953300505877,15.282099950127304
91.21257670002524,0,0,15.376699971966445,0.015600002370774746,15.39229997433722
91.26221389998682,0,1,16.252200002782047,1.147200004197657,17.399400006979704
91.31023480003932,0,0,14.287699945271015,0.02400000812485814,14.311699953395873
91.35825069999555,0,0,15.486599993892014,0.01580000389367342,15.502399997785687
91.421204400016,0,0,16.744599968660623,0.016600009985268116,16.76119997864589
91.47074820002308,0,1,17.6355000003241,0.6090999813750386,18.24459998169914
91.52332979999483,0,0,14.523899997584522,0.013999990187585354,14.537899987772107
91.56733390002046,0,0,21.4212000137195,0.02099998528137803,21.442199999000877
91.61513340001693,0,0,24.06259998679161,0.020899984519928694,24.08349997131154
91.66187880001962,0,0,18.85350001975894,0.014999997802078724,18.86850001756102
91.72779600002104,0,1,18.44750001328066,16.415799967944622,34.86329998122528
91.77292349998606,0,0,14.095400052610785,0.015599944163113832,14.110999996773899
91.81998410000233,0,0,13.767199998255819,0.014399993233382702,13.781599991489202
91.87170940003125,0,0,19.879199971910566,0.014599994756281376,19.893799966666847
91.91818989999592,0,0,14.045100018847734,0.017400016076862812,14.062500034924597
91.96568000002299,0,1,16.666999959852546,16.937400039751083,33.60439999960363
92.03218069998547,0,0,15.805400034878403,0.01650000922381878,15.821900044102222
92.07582860003458,0,0,13.842099986504763,0.016600009985268116,13.858699996490031
92.12570209999103,0,0,21.05969999684021,0.02340000355616212,21.08310000039637
92.17203150002751,0,1,13.736499997321516,0.6022999878041446,14.338799985125661
92.22427390003577,0,0,14.778299955651164,0.016300007700920105,14.794599963352084
92.2708430000348,0,0,18.581699987407774,0.014599994756281376,18.596299982164055
92.33641210000496,0,0,16.088399977888912,0.013400043826550245,16.101800021715462
92.38200949999737,0,1,17.92770001338795,0.645300024189055,18.573000037577003
92.42875289998483,0,0,13.907200016546994,0.014599994756281376,13.921800011303276
92.47673530003522,0,0,15.335000003688037,0.01639995025470853,15.351399953942746
92.52405170002021,0,0,23.648999980650842,0.027500034775584936,23.676500015426427
92.57440019998467,0,0,19.041300052776933,0.01939997309818864,19.06070002587512
92.63732119998895,0,1,17.42950000334531,17.88890000898391,35.31840001232922
92.68548039998859,0,0,13.452500046696514,0.015400000847876072,13.46790004754439
92.73599200003082,0,0,15.230399963911623,0.013699987903237343,15.24409995181486
92.78223330003675,0,0,18.1748999748379,0.016300007700920105,18.19119998253882
92.82799610000802,0,0,14.365400013048202,0.015099998563528061,14.38050001161173
92.87690309999743,0,1,17.818599997553974,16.283600009046495,34.10220000660047
92.94032420002623,0,0,17.1507999766618,0.0198000343516469,17.17060001101345
92.98842519999016,0,0,13.558400038164109,0.012899981811642647,13.571300019975752
93.03799260000233,0,0,18.53340002708137,0.01610000617802143,18.549500033259392
93.08617660001619,0,1,20.1171999797225,0.8613000391051173,20.978500018827617
93.14033180003753,0,0,17.421399999875575,0.01599994720891118,17.437399947084486
93.18061580002541,0,0,18.526999978348613,0.026900030206888914,18.5539000085555
93.24647600000026,0,0,21.55310002854094,0.016400008462369442,21.56950003700331
93.29371030000038,0,1,29.14300002157688,17.82649999950081,46.96950002107769
93.34412710001925,0,0,24.340600008144975,0.01580000389367342,24.356400012038648
93.38794520002557,0,0,13.485000003129244,0.015700003132224083,13.500700006261468
93.436058900028,0,0,14.831100008450449,0.014699995517730713,14.84580000396818
93.4859809000045,0,0,17.747299978509545,0.019000028260052204,17.766300006769598
93.55328620004002,0,1,18.797999946400523,17.424500023480505,36.22249996988103
93.59842769999523,0,0,13.876200013328344,0.01379998866468668,13.89000000199303
93.64344449999044,0,0,14.559300034306943,0.017499958630651236,14.576799992937595
93.69496420002542,0,0,16.668799973558635,0.01409999094903469,16.68289996450767
93.73939290002454,0,0,25.052100012544543,0.013999990187585354,25.066100002732128
93.78753209998831,0,1,13.538100000005215,16.609300044365227,30.147400044370443
93.85922400001436,0,0,18.57660000678152,0.015199999324977398,18.591800006106496
93.89906409999821,0,0,23.63150002202019,0.01279998105019331,23.644300003070384
93.95218770002248,1,0,24.691900005564094,0.1479999627918005,24.839899968355894
93.99598619999597,1,1,24.399799993261695,1.1754000443033874,25.575200037565082
94.04472659999738,1,0,29.871300037484616,0.17179996939375997,30.043100006878376
94.09218859998509,1,0,24.788400041870773,0.1503999810665846,24.938800022937357
94.157074799994,0,0,28.70770002482459,0.004699977580457926,28.712400002405047
94.20384690002538,0,0,13.646100007463247,0.003999972250312567,13.65009997971356
94.25287840003148,0,0,14.28259996464476,0.004200031980872154,14.286799996625632
94.30059569998411,0,1,14.01300000725314,0.978900003246963,14.991900010500103
94.3502165999962,0,0,16.701599990483373,0.015600002370774746,16.717199992854148
94.4000786000397,0,0,14.688299968838692,0.01780001912266016,14.706099987961352
94.46150219999254,0,0,18.06810003472492,0.017599959392100573,18.08569999411702
94.51128730003256,0,1,16.375599952880293,6.59620005171746,22.971800004597753
94.55504830001155,0,0,12.390799995046109,0.018600025214254856,12.409400020260364
94.60779979999643,0,0,18.949999997857958,0.027800037059932947,18.97780003491789
94.6551160000381,0,0,32.129300001543015,0.015899946447461843,32.14519994799048
94.69950990000507,0,0,23.172000015620142,0.015500001609325409,23.187500017229468
94.7680929999915,0,1,30.150200007483363,0.741700001526624,30.891900009009987
94.81304780003848,0,0,12.970599986147135,0.014399993233382702,12.984999979380518
94.85914830002002,0,0,12.535699992440641,0.014599994756281376,12.550299987196922
94.9110742000048,0,0,19.184499979019165,0.016200006939470768,19.200699985958636
94.9621618000092,0,0,20.501599996350706,0.01910002902150154,20.520700025372207
95.00633080000989,0,1,33.61929999664426,17.415300011634827,51.034600008279085
95.06978590000654,0,0,19.075300020631403,0.024799956008791924,19.100099976640195
95.11628850002307,0,0,20.278099982533604,0.02039998071268201,20.298499963246286
95.16989499999909,0,0,36.97539999848232,0.01650000922381878,36.991900007706136
95.21302399999695,0,1,24.100200040265918,0.8991999784484506,24.99940001871437
95.26088780001737,0,0,25.9500999818556,0.01610000617802143,25.966199988033623
95.30900579999434,0,0,14.791599998716265,0.013700046110898256,14.805300044827163
95.35720670002047,0,0,30.130699975416064,0.014299992471933365,30.144999967887998
95.42431580001721,0,1,15.38479997543618,0.9800000116229057,16.364799987059087
95.46710350003559,0,0,13.425499957520515,0.014399993233382702,13.439899950753897
95.51899320003577,0,0,19.236699969042093,0.016200006939470768,19.252899975981563
95.56811470002867,0,0,17.289199982769787,0.01309998333454132,17.30229996610433
95.6176359000383,0,0,19.53619997948408,0.015600002370774746,19.551799981854856
95.6661242999835,0,1,15.467000019270927,17.660100013017654,33.12710003228858
95.72694100002991,0,0,16.904099960811436,0.016900012269616127,16.920999973081052
95.77488620002987,0,0,17.49790000030771,0.018799968529492617,17.5166999688372
95.82232310000109,0,0,18.439400009810925,0.017300015315413475,18.456700025126338
95.87271580001106,0,1,16.90230000531301,0.8706999942660332,17.772999999579042
95.91732720000437,0,0,16.553600027691573,0.01379998866468668,16.56740001635626
95.966979800025,0,0,27.49119995860383,0.014400051441043615,27.505600010044873
96.03078949998599,0,0,26.06580004794523,0.015300000086426735,26.081100048031658
96.07654989999719,0,1,24.63490003719926,0.6210999563336372,25.255999993532896
96.12354190001497,0,0,28.407800011336803,0.016300007700920105,28.424100019037724
96.17307910003001,0,0,28.1220999895595,0.014999997802078724,28.13709998736158
96.2199585000053,0,0,25.75010003056377,0.014699995517730713,25.764800026081502
96.26877860003151,0,0,24.931499967351556,0.015300000086426735,24.946799967437983
96.3389426000067,0,1,30.29460000107065,16.61460002651438,46.90920002758503
96.38943490001839,0,0,31.721399980597198,0.013599987141788006,31.734999967738986
96.42812180001056,0,0,23.24930002214387,0.016000005416572094,23.265300027560443
96.47636850003619,0,0,19.975399947725236,0.019900035113096237,19.995299982838333
96.52533030003542,0,0,25.605899980291724,0.016300007700920105,25.622199987992644
96.57202240003971,0,1,45.47069995896891,0.826600007712841,46.29729996668175
96.63904740003636,0,0,37.69949998240918,0.01899997005239129,37.71849995246157
96.68316439999035,0,0,24.477099999785423,0.018900027498602867,24.496000027284026
96.73520960001042,0,0,28.663399978540838,0.017700018361210823,28.68109999690205
96.77924380003242,0,1,26.136600004974753,0.7060999632813036,26.842699968256056
96.82819860003656,0,0,24.65519995894283,0.013300043065100908,24.66850000200793
96.87865700002294,0,0,24.77409999119118,0.016000005416572094,24.79009999660775
96.94387080002343,0,0,18.603499978780746,0.013499986380338669,18.616999965161085
96.99005399999442,0,1,24.525700020603836,17.208100005518645,41.73380002612248
97.03518920001807,0,0,24.50860000681132,0.02039998071268201,24.528999987524003
97.08386600000085,0,0,26.75170003203675,0.017199956346303225,26.768899988383055
97.13340930000413,0,0,17.750600003637373,0.016000005416572094,17.766600009053946
97.18238690000726,0,0,19.343300024047494,0.015500001609325409,19.35880002565682
97.24884720001137,0,1,18.366499978583306,16.674300015438348,35.040799994021654
97.29697650001617,0,0,18.671499972697347,0.01260003773495555,18.684100010432303
97.33946119999746,0,0,13.34940001834184,0.013499986380338669,13.362900004722178
97.38989290001336,0,0,19.602200016379356,0.014299992471933365,19.61650000885129
97.44083460001275,0,0,15.686400001868606,0.014199991710484028,15.70059999357909
97.48634860001039,0,1,20.557600015308708,0.7991999736987054,21.356799989007413
97.54928460001247,0,0,22.80350000364706,0.019899976905435324,22.823399980552495
97.59712360001868,0,0,18.371000012848526,0.014599994756281376,18.385600007604808
97.64939259999665,0,0,15.253300021868199,0.01379998866468668,15.267100010532886
97.69530289998511,0,1,20.668200042564422,1.6743000014685094,22.34250004403293
97.74433840002166,0,0,21.833700011484325,0.02269999822601676,21.85640000971034
97.78918070002692,0,0,19.4653999642469,0.016700010746717453,19.482099974993616
97.85373860003892,0,0,17.84599997336045,0.01479999627918005,17.86079996963963
97.90148310002405,0,1,13.531200005672872,0.8508999599143863,14.382099965587258
97.95068489998812,0,0,13.340100005734712,0.014499993994832039,13.354599999729544
97.9993642999907,0,0,19.843599991872907,0.018700025975704193,19.86230001784861
98.04735900001833,0,0,21.002399967983365,0.025500019546598196,21.027899987529963
98.09499230002984,0,0,15.864199958741665,0.01290004001930356,15.877099998760968
98.16026919998694,0,1,19.095800002105534,17.742500000167638,36.83830000227317
98.20613260002574,0,0,17.590000003110617,0.02459995448589325,17.61459995759651
98.25204430002486,0,0,14.168899971991777,0.015900004655122757,14.1847999766469
98.30303690000437,0,0,18.817100033629686,0.01799996243789792,18.835099996067584
98.35261270002229,0,0,17.294099961873144,0.015199999324977398,17.30929996119812
98.39556640002411,0,1,13.330999994650483,17.960499972105026,31.29149996675551
98.46303749998333,0,0,18.713700002990663,0.020200037397444248,18.733900040388107
98.51415870001074,0,0,16.590300016105175,0.014199991710484028,16.60450000781566
98.56142710003769,0,0,16.25609997427091,0.022199994418770075,16.27829996868968
98.60564140003407,0,1,15.5998999834992,0.7548999856226146,16.354799969121814
98.65567529998953,0,0,18.144400033634156,0.013699987903237343,18.158100021537393
98.70127170003252,0,0,18.31559999845922,0.014199991710484028,18.329799990169704
98.76722169999266,0,0,21.822000038810074,0.020199979189783335,21.842200017999858
98.81575210002484,0,1,15.066599997226149,0.6426000036299229,15.709200000856072
98.86021419998724,0,0,15.14940004562959,0.014599994756281376,15.164000040385872
98.90838670002995,0,0,15.305299952160567,0.01610000617802143,15.321399958338588
98.95983529998921,0,0,17.05500000389293,0.01750001683831215,17.07250002073124
99.00562170002377,0,0,22.346400015521795,0.014999997802078724,22.361400013323873
99.06981300003827,0,1,20.446999988052994,18.28469999600202,38.73169998405501
99.11777160002384,0,0,18.65769998403266,0.014499993994832039,18.672199978027493
99.16762900003232,0,0,22.035199974197894,0.025200017262250185,22.060399991460145
99.21510100003798,0,0,17.789899953640997,0.01650000922381878,17.806399962864816
99.26483599998755,0,0,19.66849999735132,0.018600025214254856,19.687100022565573
99.30890180001734,0,1,14.65460000326857,16.765300009865314,31.419900013133883
99.37155760003952,0,0,14.68269998440519,0.013499986380338669,14.696199970785528
99.42169089999516,0,0,15.924100007396191,0.015199999324977398,15.939300006721169
99.47145760001149,0,0,15.115100017283112,0.016200006939470768,15.131300024222583
99.51582820003387,0,1,15.0976000004448,0.873599958140403,15.971199958585203
99.56406689999858,0,0,17.465399985667318,0.017000013031065464,17.482399998698384
99.61264700000174,0,0,16.51390001643449,0.016200006939470768,16.53010002337396
99.67733660002705,0,0,19.421699980739504,0.018200022168457508,19.43990000290796
99.7281290999963,0,1,16.426999995019287,7.270100002642721,23.697099997662008
99.77547799999593,0,0,17.9840000346303,0.014999997802078724,17.999000032432377
99.82583200000226,0,0,20.843799982685596,0.021000043489038944,20.864800026174635
99.86827979999362,0,0,17.743000003974885,0.013599987141788006,17.756599991116673
99.91899660002673,0,0,15.464500000234693,0.012999982573091984,15.477499982807785
99.98792159999721,0,1,22.727100003976375,0.9476999985054135,23.67480000248179
100.03176680003526,0,0,17.928399960510433,0.013200042303651571,17.941600002814084
100.07583240000531,0,0,18.37050000904128,0.019899976905435324,18.390399985946715
100.1257850000402,0,0,18.999999971129,0.017400016076862812,19.017399987205863
100.17732570000226,0,0,18.51580000948161,0.01379998866468668,18.529599998146296
100.22544140001992,0,1,19.209299993235618,0.8481999975629151,20.057499990798533
100.28786029998446,0,0,22.57390000158921,0.022300053387880325,22.59620005497709
100.33264919999056,0,0,35.79580003861338,0.028799986466765404,35.824600025080144
100.38437819998944,0,0,33.36860000854358,0.01479999627918005,33.38340000482276
100.42755510000279,0,1,14.732500014360994,0.7708999910391867,15.50340000540018
100.47744129999774,0,0,19.19130003079772,0.0173999578692019,19.208699988666922
100.5261381000164,0,0,17.220299982000142,0.014599994756281376,17.234899976756424
100.57375219999813,0,0,17.339600017294288,0.014399993233382702,17.35400001052767
100.64264139998704,0,1,16.65790000697598,18.083700037095696,34.741600044071674
100.68596850003814,0,0,22.261499951127917,0.017400016076862812,22.27889996720478
100.73374310001964,0,0,15.45030000852421,0.013899989426136017,15.464199997950345
100.78219800000079,0,0,15.74220001930371,0.01650000922381878,15.758700028527528
100.82986009999877,0,0,15.927900036331266,0.016799953300505877,15.944699989631772
100.88239039998734,0,1,21.948900015559047,17.421900003682822,39.37080001924187
100.94150329998229,0,0,16.612700012046844,0.013200042303651571,16.625900054350495
100.98779230000218,0,0,13.24539998313412,0.013500044587999582,13.25890002772212
101.03954359999625,0,0,15.233299985993654,0.014500052202492952,15.247800038196146
101.08812060003402,0,1,28.386599966324866,1.0585000272840261,29.445099993608892
101.13334629999008,0,0,16.824499994982034,0.013000040780752897,16.837500035762787
101.1831481999834,0,0,20.73820005171001,0.020799983758479357,20.75900003546849
101.2481187999947,0,0,20.8507000352256,0.018199963960796595,20.868899999186397
101.29440720001003,0,1,15.498300024773926,0.5826999549753964,16.080999979749322
101.33931840001605,0,0,14.197000011336058,0.014499993994832039,14.21150000533089
101.38935640000273,0,0,19.258300017099828,0.015099998563528061,19.273400015663356
101.43965539999772,0,0,14.351100020576268,0.01810002140700817,14.369200041983277
101.48361049999949,0,0,13.307499990332872,0.019300030544400215,13.326800020877272
101.5538235999993,0,1,18.993400037288666,1.2388999457471073,20.232299983035773
101.59765439998591,0,0,19.796800042968243,0.016200006939470768,19.813000049907714
101.64416730002267,0,0,14.400399988517165,0.016600009985268116,14.416999998502433
101.69530389999272,0,0,19.887200032826513,0.016200006939470768,19.903400039765984
101.74468709999928,0,0,16.062500013504177,0.014699995517730713,16.077200009021908
101.79027649998898,0,1,18.461500003468245,17.120300035458058,35.5818000389263
101.8543953000335,0,0,13.976399961393327,0.01610000617802143,13.992499967571348
101.89923460001592,0,0,14.368799980729818,0.01379998866468668,14.382599969394505
101.95033890003106,0,0,16.683399968314916,0.014299992471933365,16.69769996078685
101.99827400001232,0,1,23.02710001822561,0.6766999722458422,23.703799990471452
102.04560610000044,0,0,16.11969998339191,0.015000056009739637,16.13470003940165
102.09438229998341,0,0,21.351800009142607,0.017600017599761486,21.36940002674237
102.15783740003826,0,0,21.51559997582808,0.017200014553964138,21.532799990382046
102.20791200001258,0,1,19.75600002333522,0.5906999576836824,20.3466999810189
102.25385620002635,0,0,14.552799984812737,0.016300007700920105,14.569099992513657
102.30245850002393,0,0,15.538499981630594,0.01880002673715353,15.557300008367747
102.34827080002287,0,0,20.37350001046434,0.016899954061955214,20.390399964526296
102.39656130003277,0,0,16.735099954530597,0.014699995517730713,16.749799950048327
102.4638210000121,0,1,25.70870000636205,16.934300016146153,42.643000022508204
102.51025500003016,0,0,22.92019996093586,0.01950003206729889,22.93969999300316
102.5573819000274,0,0,15.560699976049364,0.016600009985268116,15.577299986034632
102.60581340000499,0,0,20.467900030780584,0.017799960914999247,20.485699991695583
102.65754119999474,0,0,15.402999997604638,0.016900012269616127,15.419900009874254
102.704055899987,0,1,14.581600029487163,17.097999982070178,31.67960001155734
102.77074160001939,0,0,17.261400003917515,0.016700010746717453,17.278100014664233
102.81854960002238,0,0,18.379899964202195,0.016300007700920105,18.396199971903116
102.86525229999097,0,0,14.95830004569143,0.015700003132224083,14.974000048823655
102.91253760003019,0,1,14.913999999407679,0.6132999551482499,15.527299954555929
102.96214160003001,0,0,15.215299965348095,0.014199991710484028,15.229499957058579
103.00907450000523,0,0,13.755000021774322,0.014499993994832039,13.769500015769154
103.07315790001303,0,0,16.099500004202127,0.01899997005239129,16.11849997425452
103.12277509999694,0,1,16.012500040233135,16.786199994385242,32.79870003461838
103.17141579999588,0,0,15.274500008672476,0.01409999094903469,15.28859999962151
103.21876180003164,0,0,18.81459995638579,0.014400051441043615,18.829000007826835
103.26040130003821,0,0,14.618399960454553,0.01680001150816679,14.63519997196272
103.30859450000571,0,0,13.79810000071302,0.01750001683831215,13.815600017551333
103.37627350003459,0,1,15.481799957342446,17.67550001386553,33.157299971207976
103.41993540001567,0,0,14.631900005042553,0.013999990187585354,14.645899995230138
103.47018210001988,0,0,16.57599996542558,0.015600002370774746,16.591599967796355
103.52256630000193,0,0,20.713699981570244,0.014800054486840963,20.728500036057085
103.56935270002577,0,0,15.979699965100735,0.015199999324977398,15.994899964425713
103.61509849998401,0,1,20.846600004006177,17.166700039524585,38.01330004353076
103.67724520002957,0,0,25.541000009980053,0.029799994081258774,25.57080000406131
103.72332009999081,0,0,15.437300025951117,0.026499968953430653,15.463799994904548
103.7738418999943,0,0,19.373800023458898,0.03519997699186206,19.40900000045076
103.82167060003849,0,1,15.147199970670044,0.6386999739333987,15.785899944603443
103.86906360002467,0,0,23.12470000470057,0.027499976567924023,23.152199981268495
103.91533679998247,0,0,19.707100000232458,0.022000051103532314,19.72910005133599
103.9812782999943,0,0,27.79319998808205,0.026900030206888914,27.82010001828894
104.0307296999963,0,1,24.010599998291582,1.1766999959945679,25.18729999428615
104.08006730000488,0,0,48.56369999470189,0.02010003663599491,48.58380003133789
104.13162529998226,0,0,27.235500048846006,0.01939997309818864,27.254900021944195
104.17309769999702,0,0,34.3470000079833,0.01610000617802143,34.36310001416132
104.2196527000051,0,0,23.541599977761507,0.018600025214254856,23.560200002975762
104.28627069998765,0,1,14.554399996995926,0.5297000170685351,15.084100014064461
104.33351890003541,0,0,15.585899993311614,0.016400008462369442,15.602300001773983
104.38618179998593,0,0,19.041999999899417,0.04340003943070769,19.085400039330125
104.42977049999172,0,0,17.457200039643794,0.014899997040629387,17.472100036684424
104.48259770002915,0,0,17.30059995315969,0.012700038496404886,17.313299991656095
104.5263730000006,0,1,19.334100012201816,1.4655999839305878,20.799699996132404
104.59165230003418,0,0,20.310899999458343,0.013699987903237343,20.32459998736158
104.63964539999142,0,0,17.84889999544248,0.016000005416572094,17.864900000859052
104.68648590001976,0,0,13.48109997343272,0.014199991710484028,13.495299965143204
104.73542610002914,0,1,18.572499975562096,0.9475999977439642,19.52009997330606
104.78541489999043,0,0,18.55280000017956,0.016000005416572094,18.56880000559613
104.83165599999484,0,0,19.350100017618388,0.01479999627918005,19.364900013897568
104.8933877000236,0,0,15.70210000500083,0.01650000922381878,15.718600014224648
104.94034229998942,0,1,12.795400049071759,0.7504999521188438,13.545900001190603
104.99065689998679,0,0,18.6532000079751,0.014999997802078724,18.66820000577718
105.03738669998711,0,0,22.136300045531243,0.032699957955628633,22.16900000348687
105.08723860001191,0,0,31.258000002708286,0.016300007700920105,31.274300010409206
105.13130040001124,0,0,13.7078000116162,0.014399993233382702,13.722200004849583
105.19640320003964,0,1,12.655599974095821,0.6948999944142997,13.350499968510121
105.25000320002437,0,0,21.80029998999089,0.030499999411404133,21.830799989402294
105.29169919999549,0,0,14.323100040201098,0.014499993994832039,14.33760003419593
105.34399620001204,0,0,32.23399998387322,0.017900019884109497,32.25190000375733
105.38907889998518,0,0,25.068500021006912,0.016700010746717453,25.08520003175363
105.43777540000156,0,1,28.861200029496104,17.34779996331781,46.208999992813915
105.48910519998753,0,0,21.789700025692582,0.024500011932104826,21.814200037624687
105.55173820001073,0,0,29.48560001095757,0.02139998832717538,29.506999999284744
105.59645610000007,0,0,24.212100019212812,0.017000013031065464,24.229100032243878
105.6455509000225,0,1,28.118399961385876,0.549500051420182,28.667900012806058
105.6929669000092,0,0,15.047900029458106,0.01409999094903469,15.06200002040714
105.74333940003999,0,0,30.002099985722452,0.014999997802078724,30.01709998352453
105.78841939999256,0,0,27.957600017543882,0.015500001609325409,27.973100019153208
105.85310549999122,0,1,14.266700018197298,0.6105999927967787,14.877300010994077
105.90028010000242,0,0,15.063100028783083,0.013199984095990658,15.076300012879074
105.9479691000306,0,0,12.953399971593171,0.015900004655122757,12.969299976248294
105.99853570002597,0,0,19.932499970309436,0.015199999324977398,19.947699969634414
106.04763929999899,0,0,18.336599983740598,0.026300025638192892,18.36290000937879
106.09454960003495,0,1,27.75799995288253,1.1956000234931707,28.9535999763757
106.15868340001907,0,0,26.56059997389093,0.021599989850074053,26.582199963741004
106.20317910000449,0,0,15.018599980976433,0.036400044336915016,15.055000025313348
106.25369119999232,0,0,20.43870004126802,0.02099998528137803,20.4597000265494
106.2997245999868,0,1,13.238700048532337,0.8144999737851322,14.05320002231747
106.34779760002857,0,0,13.9181999838911,0.021099986042827368,13.939299969933927
106.39757299999474,0,0,15.328400011640042,0.01409999094903469,15.342500002589077
106.46284160000505,0,0,26.19940001750365,0.026699970476329327,26.22609998797998
106.50842339999508,0,1,27.898200030904263,1.0206999722868204,28.918900003191084
106.55783469998278,0,0,30.262300046160817,0.027499976567924023,30.28980002272874
106.60621140000876,0,0,25.259600020945072,0.019199971575289965,25.278799992520362
106.65328730002511,0,0,22.86719996482134,0.023800006601959467,22.890999971423298
106.70188350003446,0,0,18.41319998493418,0.01479999627918005,18.42799998121336
106.76788010000018,0,1,18.937000015284866,16.741200000979006,35.67820001626387
106.81463020003866,0,0,21.89499995438382,0.039000005926936865,21.933999960310757
106.86060870002257,0,0,15.85309999063611,0.04020001506432891,15.89330000570044
106.90736290003406,0,0,18.577199953142554,0.023800006601959467,18.600999959744513
106.96054040000308,0,0,18.467199988663197,0.019300030544400215,18.486500019207597
107.00713949999772,0,1,26.460400025825948,1.2245000107213855,27.684900036547333
107.070410299988,0,0,24.282400030642748,0.022299995180219412,24.304700025822967
107.11790690000635,0,0,20.021800009999424,0.015600002370774746,20.0374000123702
107.16701199999079,0,0,23.17800000309944,0.01810002140700817,23.19610002450645
107.21547130000545,0,1,21.294699981808662,0.9923000470735133,22.287000028882176
107.26578329998301,0,0,21.341800049412996,0.019899976905435324,21.36170002631843
107.31148820003727,0,0,19.62369994726032,0.013400043826550245,19.63709999108687
107.37644540000474,0,0,25.22300003329292,0.020499981474131346,25.24350001476705
107.42313990002731,0,1,16.94090000819415,0.712999957613647,17.653899965807796
107.47041650000028,0,0,18.467499990947545,0.020200037397444248,18.48770002834499
107.519544699986,0,0,18.41070002410561,0.020199979189783335,18.430900003295392
107.56727390002925,0,0,16.906199976801872,0.015099998563528061,16.9212999753654
107.61500330001581,0,0,22.48169999802485,0.020099978428333998,22.501799976453185
107.68250860000262,0,1,16.708399984054267,17.34810002380982,34.05650000786409
107.72407470003236,0,0,19.789199985098094,0.022299995180219412,19.811499980278313
107.77312640001765,0,0,16.064499970525503,0.01580000389367342,16.080299974419177
107.82346290000714,0,0,23.443099984433502,0.022299995180219412,23.46539997961372
107.86858190002386,0,0,13.123299984727055,0.017200014553964138,13.140499999281019
107.91694950003875,0,1,16.640599991660565,17.409399966709316,34.04999995836988
107.98039019998396,0,0,21.361000020988286,0.029099988751113415,21.3901000097394
108.02704349998385,0,0,13.371000008191913,0.015199999324977398,13.38620000751689
108.08251949999249,0,0,20.667900040280074,0.023300002794712782,20.691200043074787
108.12675510003464,0,1,17.9882999509573,0.8798000053502619,18.86809995630756
108.17582280002534,0,0,21.728599967900664,0.018700025975704193,21.747299993876368
108.22104550001677,0,0,15.674499969463795,0.013200042303651571,15.687700011767447
108.28588939999463,0,0,20.874700043350458,0.01409999094903469,20.888800034299493
108.33420280000428,0,1,17.131200002040714,0.6479999865405262,17.77919998858124
108.38060179998865,0,0,18.70660000713542,0.017200014553964138,18.723800021689385
108.43084650003584,0,0,15.710599953308702,0.01850002445280552,15.729099977761507
108.48128820001148,0,0,15.932500013150275,0.01869996776804328,15.951199980918318
108.52758920000633,0,0,20.936899993102998,0.017900019884109497,20.954800012987107
108.59379060001811,0,1,21.86550002079457,17.911999952048063,39.777499972842634
108.63910900003975,0,0,19.651199982035905,0.018799968529492617,19.669999950565398
108.68382070004009,0,0,16.239399963524193,0.0198000343516469,16.25919999787584
108.73551870003575,0,0,18.95539998076856,0.01999997766688466,18.975399958435446
108.78427900001407,0,0,13.59669998055324,0.014199991710484028,13.610899972263724
108.83233790000668,0,1,20.138700027018785,0.8580999565310776,20.996799983549863
108.8992988000391,0,0,21.002699970267713,0.014999997802078724,21.017699968069792
108.93895809998503,0,0,12.69300002604723,0.01309998333454132,12.706100009381771
108.9923880000133,0,0,19.550399971194565,0.015400000847876072,19.56579997204244
109.03818650002358,0,1,17.57500000530854,0.7835999713279307,18.35859997663647
109.08345239999471,0,0,13.157700013834983,0.014999997802078724,13.172700011637062
109.13477710000006,0,0,18.32909998483956,0.01610000617802143,18.34519999101758
109.1971867000102,0,0,22.8048000135459,0.0192999723367393,22.82409998588264
109.24782839999534,0,1,16.601899988017976,7.159600034356117,23.761500022374094
109.29827800003113,0,0,21.950499969534576,0.016900012269616127,21.967399981804192
109.34317420003936,0,0,18.082599970512092,0.017000013031065464,18.099599983543158
109.39175840001553,0,0,20.106500014662743,0.016200006939470768,20.122700021602213
109.43974739999976,0,0,20.765200024470687,0.015300000086426735,20.780500024557114
109.50621970003704,0,1,20.673399965744466,18.18080001976341,38.854199985507876
109.55110460001742,0,0,18.59569997759536,0.02600002335384488,18.621700000949204
109.59561220003525,0,0,15.219399996567518,0.016599951777607203,15.235999948345125
109.64583390002372,0,0,17.648499982897192,0.01409999094903469,17.662599973846227
109.70089800003916,0,0,16.89009997062385,0.016700010746717453,16.90679998137057
109.74213349999627,0,1,20.22840001154691,0.7787999929860234,21.007200004532933
109.80776540003717,0,0,17.1509999781847,0.01580000389367342,17.166799982078373
109.85288670001319,0,0,20.28749999590218,0.016700010746717453,20.304200006648898
109.90457960002823,0,0,14.792500005569309,0.02929999027401209,14.821799995843321
109.94933249999303,0,1,13.872200041078031,1.1990999919362366,15.071300033014268
109.99823870003456,0,0,21.71279996400699,0.01750001683831215,21.730299980845302
110.04739200003678,0,0,17.79089996125549,0.01409999094903469,17.804999952204525
110.11216810002225,0,0,18.804199993610382,0.01650000922381878,18.8207000028342
110.16177320003044,0,1,16.28149999305606,16.74950000597164,33.0309999990277
110.2032179000089,0,0,15.271399985067546,0.020200037397444248,15.29160002246499
110.25235450000037,0,0,13.55969998985529,0.015099998563528061,13.574799988418818
110.3037636000081,0,0,19.94219998596236,0.01910002902150154,19.961300014983863
110.34978079999564,0,0,16.38079999247566,0.019600032828748226,16.400400025304407
110.41321070003323,0,1,12.824099976569414,0.6730000022798777,13.497099978849292
110.46256020001601,0,0,19.635299977380782,0.02340000355616212,19.658699980936944
110.51338230003603,0,0,20.388799952343106,0.015099998563528061,20.403899950906634
110.55532729998231,0,0,13.907200016546994,0.013899989426136017,13.92110000597313
110.60955160000594,0,0,19.765599980019033,0.017300015315413475,19.782899995334446
110.65238109999336,0,1,19.16910003637895,0.8780999924056232,20.047200028784573
110.70342610002263,0,0,17.725399986375123,0.015099998563528061,17.74049998493865
110.76719919999596,0,0,24.073400010820478,0.019000028260052204,24.09240003908053
110.81850150000537,0,0,17.58949999930337,0.01580000389367342,17.605300003197044
110.85928390000481,0,1,12.165700027253479,0.8622999885119498,13.028000015765429
110.90738029999193,0,0,12.637700012419373,0.014699995517730713,12.652400007937104
110.96237540000584,0,0,22.642900003120303,0.019599974621087313,22.66249997774139
111.00514930003555,0,0,14.402899949345738,0.016900012269616127,14.419799961615354
111.06922569999006,0,1,12.711999996099621,0.5927000311203301,13.304700027219951
111.11894100002246,0,0,19.64169996790588,0.01780001912266016,19.65949998702854
111.16613480000524,0,0,15.97609999589622,0.014899997040629387,15.99099999293685
111.21209059999092,0,0,15.641900012269616,0.014999997802078724,15.656900010071695
111.26587300002575,0,0,16.966199968010187,0.018900027498602867,16.98509999550879
111.31068560003769,0,1,20.375899970531464,17.307600006461143,37.68349997699261
111.37713000003714,0,0,16.537299961782992,0.013499986380338669,16.55079994816333
111.42073630000232,0,0,14.673700032290071,0.01580000389367342,14.689500036183745
111.4733816999942,0,0,20.25340002728626,0.0192999723367393,20.272699999623
111.51895559998229,0,1,19.310200004838407,0.937800039537251,20.248000044375658
111.56886020000093,0,0,18.419700034428388,0.013899989426136017,18.433600023854524
111.61507669999264,0,0,19.45930003421381,0.013999990187585354,19.473300024401397
111.67881000001216,0,0,19.100399978924543,0.01290004001930356,19.113300018943846
111.72637430002214,0,1,14.441000006627291,0.8592999656684697,15.300299972295761
111.77659720001975,0,0,17.31819997075945,0.012800039257854223,17.331000010017306
111.8207151000388,0,0,16.504599945619702,0.017300015315413475,16.521899960935116
111.87128690001555,0,0,18.07549997465685,0.012300035450607538,18.087800010107458
111.91543520003324,0,0,13.835499994456768,0.014199991710484028,13.849699986167252
111.9848658000119,0,1,19.701900018844754,17.76459999382496,37.46650001266971
112.02932159998454,0,0,20.596500020474195,0.014999997802078724,20.611500018276274
112.07719179999549,0,0,19.3540999898687,0.017000013031065464,19.371100002899766
112.12628319999203,0,0,19.409900007303804,0.017900019884109497,19.427800027187914
112.17736540001351,0,0,38.23710000142455,0.018400023691356182,38.25550002511591
112.21922820003238,0,1,25.445699982810766,0.7636999944224954,26.20939997723326
112.28610900003696,0,0,26.46749996347353,0.01479999627918005,26.48229995975271
112.33153930003755,0,0,24.251299968454987,0.016300007700920105,24.267599976155907
112.38320480001858,0,0,15.320800011977553,0.01939997309818864,15.340199985075742
112.43195940001169,0,1,39.64209998957813,0.8788999984972179,40.520999988075346
112.47770849999506,0,0,16.337400011252612,0.028999987989664078,16.366399999242276
112.52915850002319,0,0,44.21089997049421,0.016900012269616127,44.22779998276383
112.59215169999516,0,0,14.652300043962896,0.01969997538253665,14.672000019345433
112.63911450002342,0,1,18.316000001505017,0.8174999966286123,19.13349999813363
112.68757519999053,0,0,21.63309999741614,0.02570002106949687,21.658800018485636
112.73534100002144,0,0,21.057699981611222,0.02039998071268201,21.078099962323904
112.7830660000327,0,0,21.18529996369034,0.025600020308047533,21.210899983998388
112.82779569999548,0,0,14.017700043041259,0.012699980288743973,14.030400023330003
112.90525509999134,0,1,16.671599994879216,16.748900001402944,33.42049999628216
112.94244070001878,0,0,15.898399986326694,0.016000005416572094,15.914399991743267
112.9937590000336,0,0,18.324699951335788,0.03290001768618822,18.357599969021976
113.0371989000123,0,0,16.203199978917837,0.01610000617802143,16.21929998509586
113.08859330002451,0,0,18.501399958040565,0.014000048395246267,18.51540000643581
113.13528530002804,0,1,17.502899980172515,17.2813999815844,34.784299961756915
113.19885039998917,0,0,19.09479999449104,0.015099998563528061,19.10989999305457
113.24322340002982,0,0,14.751499984413385,0.024600012693554163,14.77609999710694
113.29803489998449,0,0,18.76740000443533,0.015700003132224083,18.783100007567555
113.34040169999935,0,1,14.249100000597537,0.6072000251151621,14.856300025712699
113.3911439999938,0,0,18.171300005633384,0.016200006939470768,18.187500012572855
113.44120629999088,0,0,17.935700016096234,0.015400000847876072,17.95110001694411
113.50250040000537,0,0,20.755100005771965,0.016700010746717453,20.771800016518682
113.55454109999118,0,1,19.74400004837662,17.801899986807257,37.54590003518388
113.59889540000586,0,0,15.612500021234155,0.01309998333454132,15.625600004568696
113.64766349998536,0,0,23.526800039689988,0.02039998071268201,23.54720002040267
113.69539130001795,0,0,19.584299996495247,0.02340000355616212,19.60770000005141
113.74167710001348,0,0,16.42820000415668,0.013499986380338669,16.441699990537018
113.81083289999515,0,1,28.548300033435225,0.8002999820746481,29.348600015509874
113.85233540000627,0,0,28.81869999691844,0.01810002140700817,28.836800018325448
113.89959859999362,0,0,23.614100005943328,0.01610000617802143,23.63020001212135
113.9491463000304,0,0,18.770099966786802,0.016700010746717453,18.78679997753352
114.00119710003491,0,0,18.491499999072403,0.01639995025470853,18.50789994932711
114.04408419999527,0,1,13.191100035328418,16.610999999102205,29.802100034430623
114.1074193000095,0,0,17.71540002664551,0.02099998528137803,17.73640001192689
114.15942149999319,0,0,18.879100040066987,0.015500001609325409,18.894600041676313
114.20971100003226,0,0,17.62209995649755,0.014000048395246267,17.636100004892796
114.2525450999965,0,1,13.454200001433492,0.6457000272348523,14.099900028668344
114.3025362000335,0,0,20.049499988090247,0.0192999723367393,20.068799960426986
114.35112529998878,0,0,19.570000004023314,0.020700041204690933,19.590700045228004
114.41413900000043,0,0,20.106000010855496,0.017200014553964138,20.12320002540946
114.46486150001874,0,1,19.27689998410642,16.7848999844864,36.06179996859282
114.50785659998655,0,0,16.938700049649924,0.018199963960796595,16.95690001361072
114.55968000000576,0,0,19.467899983283132,0.014599994756281376,19.482499978039414
114.60784350003814,0,0,18.405399983748794,0.013299984857439995,18.418699968606234
114.6562976000132,0,0,15.71389997843653,0.012500036973506212,15.726400015410036
114.72209960001055,0,1,19.784700009040534,17.836000013630837,37.62070002267137
114.76732670003548,0,0,22.4311999627389,0.02099998528137803,22.45219994802028
114.81128790002549,0,0,13.04699998581782,0.014399993233382702,13.061399979051203
114.85935049998807,0,0,13.17750004818663,0.01939997309818864,13.196900021284819
114.90861869999208,0,0,15.381000004708767,0.015700003132224083,15.396700007840991
114.95527060003951,0,1,20.276599971111864,17.416600021533668,37.69319999264553
115.01935190003132,0,0,19.258399959653616,0.015500001609325409,19.27389996126294
115.0689497999847,0,0,18.807100015692413,0.01810002140700817,18.82520003709942
115.1206322000362,0,0,18.028399965260178,0.014399993233382702,18.04279995849356
115.16579820000334,0,1,20.12739999918267,0.7967000128701329,20.924100012052804
115.21522439998807,0,0,18.706200004089624,0.012700038496404886,18.71890004258603
115.26227230002405,0,0,16.154699958860874,0.013700046110898256,16.168400004971772
115.32540120003978,0,0,21.98559994576499,0.021000043489038944,22.006599989254028
115.37816860002931,0,1,18.544499995186925,17.56599999498576,36.110499990172684
115.41921820002608,0,0,14.292499981820583,0.01810002140700817,14.310600003227592
115.47125050000614,0,0,20.8312000031583,0.015700003132224083,20.846900006290525
115.52026910003042,0,0,14.382399967871606,0.015099998563528061,14.397499966435134
115.56547289999435,0,0,15.736700035631657,0.017099955584853888,15.75379999121651
115.61876640003175,0,1,15.780299960169941,17.176699999254197,32.95699995942414
115.67781220003963,0,0,15.891199989710003,0.014899997040629387,15.906099986750633
115.7261426000041,0,0,14.426100009586662,0.015300000086426735,14.441400009673089
115.77449450001586,0,0,20.70270001422614,0.017799960914999247,20.720499975141138
115.82638340000995,0,1,16.27520000329241,3.594700014218688,19.8699000175111
115.87107530003414,0,0,18.144099973142147,0.018600025214254856,18.162699998356402
115.91727149998769,0,0,13.228800031356514,0.013199984095990658,13.242000015452504
115.98136710003018,0,0,21.72189997509122,0.018000020645558834,21.739899995736778
116.03264059999492,0,1,18.298899987712502,6.4697000198066235,24.768600007519126
116.07617830001982,0,0,17.130899999756366,0.024900014977902174,17.155800014734268
116.12798480002675,0,0,20.389299956150353,0.02220005262643099,20.411500008776784
116.1761352000176,0,0,20.596400019712746,0.015799945686012506,20.61219996539876
116.22378260002006,0,0,20.795000018551946,0.015500001609325409,20.81050002016127
116.28908620000584,0,1,19.59709997754544,17.97630003420636,37.5734000117518
116.33692279999377,0,0,16.562300035730004,0.012499978765845299,16.57480001449585
116.38368219998665,0,0,21.08800003770739,0.020299979951232672,21.10830001765862
116.43065330001991,0,0,18.680299981497228,0.012999982573091984,18.69329996407032
116.48268469999311,0,0,16.927800024859607,0.02829998265951872,16.956100007519126
116.52684110001428,0,1,20.29189997119829,0.8706000517122447,21.162500022910535
116.58978650002973,0,0,18.81629996933043,0.016700010746717453,18.832999980077147
116.64007229998242,0,0,18.093800055794418,0.01409999094903469,18.107900046743453
116.69113520003157,0,0,15.127799997571856,0.03190001007169485,15.15970000764355
116.73765780002577,0,1,15.418700000736862,17.48430001316592,32.90300001390278
116.77976410003612,0,0,15.027699992060661,0.012499978765845299,15.040199970826507
116.83713130000979,0,0,17.4311000155285,0.014699995517730713,17.44580001104623
116.89374870003667,0,0,15.106499951798469,0.014999997802078724,15.121499949600548
116.94627509999555,0,1,20.341700001154095,0.8784999954514205,21.220199996605515
116.98823409999022,0,0,18.42080004280433,0.020099978428333998,18.440900021232665
117.03815040003974,0,0,14.563499949872494,0.016200006939470768,14.579699956811965
117.08771500003058,0,0,22.899199975654483,0.02139998832717538,22.920599963981658
117.13676650001435,0,0,16.173799987882376,0.016000005416572094,16.189799993298948
117.20600750000449,0,1,16.732799995224923,0.6490999949164689,17.38189999014139
117.24381120002363,0,0,15.194399980828166,0.01479999627918005,15.209199977107346
117.29462880000938,0,0,14.123100030701607,0.015799945686012506,14.13889997638762
117.34291140001733,0,0,19.563800015021116,0.01769996015354991,19.581499975174665
117.39413969998714,0,0,17.968000029213727,0.0192999723367393,17.987300001550466
117.43928390002111,0,1,19.602300017140806,17.450999992433935,37.05330000957474
117.50294219999341,0,0,20.87420003954321,0.017199956346303225,20.891399995889515
117.5491241000127,0,0,12.960700027178973,0.014999997802078724,12.975700024981052
117.6016246000072,0,0,22.262000013142824,0.017300015315413475,22.279300028458238
117.64351930003613,0,1,12.896699947305024,0.7177000516094267,13.61439999891445
117.69724040001165,0,0,18.77630001399666,0.01479999627918005,18.79110001027584
117.74299030000111,0,0,18.59290001448244,0.016400008462369442,18.609300022944808
117.81200939998962,0,0,26.608800049871206,0.03419996937736869,26.643000019248575
117.85557539999718,0,1,32.44740003719926,4.60479996399954,37.0522000011988
117.90015910001239,0,0,18.198199977632612,0.02340000355616212,18.221599981188774
117.95153630001005,0,0,24.807000008877367,0.019899976905435324,24.826899985782802
118.00231670000358,0,0,18.80750001873821,0.02559996210038662,18.833099980838597
118.045523400011,0,0,16.869999992195517,0.024200009647756815,16.894200001843274
118.11286590003874,0,1,21.467299957294017,17.233600025065243,38.70089998235926
118.1576095999917,0,0,29.066500021144748,0.01780001912266016,29.084300040267408
118.20316780003486,0,0,23.66089995484799,0.016600009985268116,23.67749996483326
118.25405500002671,0,0,20.536999974865466,0.017900019884109497,20.554899994749576
118.3053363999934,0,0,15.221400011796504,0.015099998563528061,15.236500010360032
118.35103610000806,0,1,15.714699984528124,17.858500010333955,33.57319999486208
118.41539690003265,0,0,20.882099983282387,0.02039998071268201,20.90249996399507
118.46106240001973,0,0,13.806900009512901,0.015700003132224083,13.822600012645125
118.51359280000906,0,0,20.218999998178333,0.014699995517730713,20.233699993696064
118.55536310002208,0,1,14.376499981153756,0.9741000249050558,15.350600006058812
118.60794960003113,0,0,16.594999993685633,0.013899989426136017,16.60889998311177
118.65537709998898,0,0,17.282700049690902,0.015099998563528061,17.29780004825443
118.71868089999771,0,0,21.870800002943724,0.012999982573091984,21.883799985516816
118.76981670001987,0,1,17.937399970833212,16.596100002061576,34.53349997289479
118.81108260003384,0,0,13.543599983677268,0.013299984857439995,13.556899968534708
118.86152289999882,0,0,17.872099997475743,0.017400016076862812,17.889500013552606
118.9085858000326,0,0,13.106899976264685,0.01379998866468668,13.120699964929372
118.95536180003546,0,0,22.767999966163188,0.015199999324977398,22.783199965488166
119.0258746999898,0,1,16.302800038829446,0.8342000073753297,17.137000046204776
119.07176870002877,0,0,20.40459995623678,0.021900050342082977,20.426500006578863
119.11922480002977,0,0,30.36089998204261,0.021199986804276705,30.382099968846887
119.16309200000251,0,0,15.584699984174222,0.014300050679594278,15.599000034853816
119.21503770002164,0,0,15.717300004325807,0.018599967006593943,15.735899971332401
119.26221880002413,0,1,21.543500013649464,18.038199981674552,39.581699995324016
119.32992899999954,0,0,19.04879999347031,0.013200042303651571,19.062000035773963
119.37127740000142,0,0,12.967300019226968,0.012199976481497288,12.979499995708466
119.42689200001769,0,0,20.954800012987107,0.11189997894689441,21.066699991934
119.47083070001099,0,1,17.15410000178963,1.1088000028394163,18.262900004629046
119.51954720000504,0,0,19.495300017297268,0.016200006939470768,19.51150002423674
119.56553160003386,0,0,18.42979999491945,0.017199956346303225,18.446999951265752
119.63263370003551,0,0,21.09179995022714,0.014700053725391626,21.106500003952533
119.67782300000545,0,1,15.55090001784265,1.0294999810867012,16.58039999892935
119.72894340002676,0,0,17.49160001054406,0.021199986804276705,17.51279999734834
119.77330320002511,0,0,16.356199979782104,0.01750001683831215,16.373699996620417
119.82019450003281,0,0,14.047799981199205,0.018200022168457508,14.066000003367662
119.86959140002728,0,0,20.412799960467964,0.01910002902150154,20.431899989489466
119.93772789998911,0,1,19.957900047302246,18.125399947166443,38.08329999446869
119.98174469999503,0,0,16.668500029481947,0.02859998494386673,16.697100014425814
120.02934569999343,0,0,19.786600023508072,0.016000005416572094,19.802600028924644
120.07809470000211,0,0,17.73170003434643,0.01379998866468668,17.745500023011118
120.13079020002624,0,0,16.979899955913424,0.01360004534944892,16.993500001262873
120.17372710001655,0,1,17.449299979489297,6.96810003137216,24.417400010861456
120.239190399996,0,0,20.14109998708591,0.029300048481673002,20.17040003556758
120.28596950002247,0,0,22.785099979955703,0.01680001150816679,22.80189999146387
120.33505659998627,0,0,21.051400050055236,0.05679996684193611,21.10820001689717
120.38137329998426,0,1,18.67740001762286,0.8673000265844166,19.544700044207275
120.43193359998986,0,0,19.255699997302145,0.018900027498602867,19.274600024800748
120.47657549998257,0,0,13.240300002507865,0.014800054486840963,13.255100056994706
120.53895070002181,0,0,13.553900003898889,0.015700003132224083,13.569600007031113
120.59522240003571,0,1,18.57029995881021,3.953700012061745,22.523999970871955
120.63669190002838,0,0,16.203499981202185,0.014899997040629387,16.218399978242815
120.68421490001492,0,0,15.526000002864748,0.01680001150816679,15.542800014372915
120.7369280999992,0,0,20.201000035740435,0.021199986804276705,20.222200022544712
120.78244909999194,0,0,17.47260004049167,0.014399993233382702,17.487000033725053
120.83564080001088,0,1,21.960699988994747,0.7540000369772315,22.71470002597198
120.89382870000554,0,0,18.28140002908185,0.02039998071268201,18.301800009794533
120.9434154999908,0,0,19.110900000669062,0.014000048395246267,19.12490004906431
120.99415079999017,0,0,21.048600028734654,0.016900012269616127,21.06550004100427
121.0403599999845,0,1,21.288800053298473,0.9721999522298574,22.26100000552833
121.08713200001512,0,0,21.685199986677617,0.022099993657320738,21.707299980334938
121.13458150002407,0,0,20.473799959290773,0.017200014553964138,20.490999973844737
121.20234280003933,0,0,14.250799955334514,0.031100003980100155,14.281899959314615
121.24958170001628,0,1,21.065099979750812,17.90100004291162,38.96610002266243
121.29386189999059,0,0,19.538799999281764,0.014200049918144941,19.55300004919991
121.34235049999552,0,0,15.792799997143447,0.01580000389367342,15.80860000103712
121.39146890002303,0,0,21.661299979314208,0.0219999928958714,21.68329997221008
121.44076269998914,0,0,19.394800008740276,0.02010003663599491,19.41490004537627
121.50581260002218,0,1,21.937799989245832,0.8532999781891704,22.791099967435002
121.5510035000043,0,0,16.089899989310652,0.015400000847876072,16.105299990158528
121.5955977999838,0,0,13.883300009183586,0.017900019884109497,13.901200029067695
121.64739400002873,0,0,19.281999964732677,0.022599997464567423,19.304599962197244
121.69711740000639,0,0,20.8256000187248,0.01869996776804328,20.844299986492842
121.7402987999958,0,1,15.823099995031953,0.709200045093894,16.532300040125847
121.8051576000289,0,0,13.643099984619766,0.013399985618889332,13.656499970238656
121.8568558000261,0,0,19.398199976421893,0.016200006939470768,19.414399983361363
121.90090280002914,0,0,13.196199957747012,0.01460005296394229,13.210800010710955
121.95103029999882,0,1,18.94829998491332,0.7540000369772315,19.70230002189055
121.99711330002174,0,0,17.590800009202212,0.019899976905435324,17.610699986107647
122.04597010003636,0,0,17.28420000290498,0.021799991372972727,17.305999994277954
122.11092459998326,0,0,21.50420000543818,0.016000005416572094,21.52020001085475
122.16032480000285,0,1,14.382900029886514,6.807999976444989,21.190900006331503
122.20446089998586,0,0,15.920500038191676,0.013899989426136017,15.934400027617812
122.25715289998334,0,0,18.72300001559779,0.01290004001930356,18.735900055617094
122.30010950000724,0,0,13.528899988159537,0.015500001609325409,13.544399989768863
122.34702009998728,0,0,13.309800007846206,0.013599987141788006,13.323399994987994
122.41719860001467,0,1,16.7906999704428,0.7269000052474439,17.517599975690246
122.46042180003133,0,0,14.332699996884912,0.016200006939470768,14.348900003824383
122.50776680000126,0,0,13.17900000140071,0.018900027498602867,13.197900028899312
122.55983680003555,0,0,19.275299971923232,0.018000020645558834,19.29329999256879
122.60945500002708,0,0,20.074700005352497,0.013299984857439995,20.087999990209937
122.65268900000956,0,1,13.014999974984676,16.505600011441857,29.520599986426532
122.71950549999019,0,0,18.716300022788346,0.014699995517730713,18.731000018306077
122.76826169999549,0,0,19.044200016651303,0.019599974621087313,19.06379999127239
122.81947230000515,0,0,19.713399989996105,0.016600009985268116,19.729999999981374
122.86360849998891,0,1,18.402200017590076,0.846399983856827,19.248600001446903
122.9094331000233,0,0,20.401399990078062,0.020499981474131346,20.421899971552193
122.95638069999404,0,0,13.774299994111061,0.013000040780752897,13.787300034891814
123.02237220003735,0,0,19.0310999751091,0.014499993994832039,19.045599969103932
123.07653940003365,0,1,19.05790000455454,16.87549997586757,35.93339998042211
123.11788820003858,0,0,19.48319998336956,0.015199999324977398,19.498399982694536
123.16738850000547,0,0,19.878200022503734,0.018199963960796595,19.89639998646453
123.21269860002212,0,0,19.68749996740371,0.015199999324977398,19.702699966728687
123.26143910002429,0,0,17.376600007992238,0.015199999324977398,17.391800007317215
123.3264657999971,0,1,21.707700041588396,10.429499961901456,32.13720000348985
123.3733413000009,0,0,18.03550001932308,0.013399985618889332,18.04890000494197
123.42266320000635,0,0,19.802100025117397,0.01580000389367342,19.81790002901107
123.4740851999959,0,0,20.578900002874434,0.015700003132224083,20.594600006006658
123.51978999999119,0,0,16.421500011347234,0.01409999094903469,16.43560000229627
123.56729770003585,0,1,16.544099955353886,0.7377000292763114,17.281799984630197
123.63082810002379,0,0,19.41199996508658,0.01680001150816679,19.428799976594746
123.67898020002758,0,0,34.18789996067062,0.015500001609325409,34.203399962279946
123.72464090003632,0,0,13.788299984298646,0.012899981811642647,13.801199966110289
123.7753042000113,0,1,31.250800006091595,0.9284999687224627,32.17929997481406
123.81948290002765,0,0,13.651199988089502,0.012999982573091984,13.664199970662594
123.87272680003662,0,0,13.78929999191314,0.014499993994832039,13.803799985907972
123.9316696000169,0,0,13.494000013452023,0.017199956346303225,13.511199969798326
123.98241659998894,0,1,17.824700044002384,0.741700001526624,18.566400045529008
124.03002220002236,0,0,20.515199983492494,0.024100008886307478,20.5392999923788
124.07733520003967,0,0,19.922699953895062,0.016000005416572094,19.938699959311634
124.12772980000591,0,0,19.77940002689138,0.02099998528137803,19.80040001217276
124.17578300001333,0,0,14.431999996304512,0.014599994756281376,14.446599991060793
124.2381405000342,0,1,13.105699967127293,17.202000017277896,30.30769998440519
124.28744550002739,0,0,18.384399998467416,0.01610000617802143,18.400500004645437
124.33389300003182,0,0,20.267799962311983,0.015199999324977398,20.28299996163696
124.38254630001029,0,0,18.92459997907281,0.022599997464567423,18.947199976537377
124.43360370001756,0,0,21.58519998192787,0.017400016076862812,21.602599998004735
124.47809500002768,0,1,17.224200011696666,16.693899990059435,33.9181000017561
124.54309029999422,0,0,18.849999993108213,0.013700046110898256,18.86370003921911
124.5901224000263,0,0,14.821699995081872,0.016200006939470768,14.837900002021343
124.643420300039,0,0,19.705799990333617,0.018499966245144606,19.72429995657876
124.68948260002071,0,1,18.00280000315979,0.8424000116065145,18.845200014766306
124.73476299998583,0,0,19.798200053628534,0.01869996776804328,19.816900021396577
124.78242549998686,0,0,19.75710003171116,0.018499966245144606,19.775599997956306
124.84791529999347,0,0,20.457300008274615,0.01880002673715353,20.47610003501177
124.89811639999971,0,1,20.62850003130734,0.8299999753944576,21.458500006701797
124.94089309999254,0,0,19.846500013954937,0.020499981474131346,19.86699999542907
124.98974170000292,0,0,20.42100002290681,0.020499981474131346,20.44150000438094
125.0382646000362,0,0,19.763499964028597,0.02139998832717538,19.784899952355772
125.08615470002405,0,0,18.4412999660708,0.01880002673715353,18.460099992807955
125.15567880001618,0,1,18.51269998587668,0.8904000278562307,19.40310001373291
125.19665960001294,0,0,15.581600018776953,0.018199963960796595,15.59979998273775
125.24350809998577,0,0,14.397500024642795,0.018400023691356182,14.415900048334152
125.29355320002651,0,0,20.13209997676313,0.014599994756281376,20.14669997151941
125.34520809998503,0,0,19.487000012304634,0.01479999627918005,19.501800008583814
125.38762970000971,0,1,13.07809998979792,16.984299989417195,30.062399979215115
125.45227180002257,0,0,13.101499993354082,0.015500001609325409,13.116999994963408
125.5026213999954,0,0,18.188500020187348,0.015199999324977398,18.203700019512326
125.55241250002291,0,0,13.56849999865517,0.016200006939470768,13.584700005594641
125.59919269999955,0,1,17.570100026205182,0.7502000080421567,18.32030003424734
125.64491530001396,0,0,19.309299997985363,0.016000005416572094,19.325300003401935
125.69276539998828,0,0,13.54340004036203,0.014499993994832039,13.557900034356862
125.74279839999508,0,0,21.66830003261566,0.027999980375170708,21.696300012990832
125.81043060001684,0,1,20.948899968061596,17.430300009436905,38.3791999774985
125.85328979999758,0,0,18.267700041178614,0.014299992471933365,18.282000033650547
125.89923029998317,0,0,13.133400003425777,0.01950003206729889,13.152900035493076
125.95295940001961,0,0,20.056799985468388,0.015600002370774746,20.072399987839162
125.99907960003475,0,0,16.925399948377162,0.0149000552482903,16.940300003625453
126.04928670002846,0,1,20.223399973474443,17.2012000111863,37.424599984660745
126.11003209999762,0,0,19.119500007946044,0.013599987141788006,19.133099995087832
126.15622200001962,0,0,14.232399989850819,0.01409999094903469,14.246499980799854
126.20735079998849,0,0,23.58570002252236,0.0247000134550035,23.610400035977364
126.25789830001304,0,1,17.09490001667291,0.9114999556913972,18.006399972364306
126.29930549999699,0,0,13.99830001173541,0.01810002140700817,14.016400033142418
126.35348490002798,0,0,17.57619995623827,0.01460005296394229,17.590800009202212
126.41585640003905,0,0,22.365499986335635,0.04439998883754015,22.409899975173175
126.46544669999275,0,1,28.55789999011904,1.6497000469826162,30.207600037101656
126.50707089999923,0,0,12.464000028558075,0.015700003132224083,12.4797000316903
126.55975010001566,0,0,19.310900010168552,0.014899997040629387,19.325800007209182
126.60740710003302,0,0,17.070600006263703,0.013699987903237343,17.08429999416694
126.65517600002931,0,0,17.775599961169064,0.014299992471933365,17.789899953640997
126.72191710001789,0,1,19.661199999973178,17.58809998864308,37.24929998861626
126.77120980003383,0,0,14.900599955581129,0.01290004001930356,14.913499995600432
126.81338740000501,0,0,15.659700031392276,0.015300000086426735,15.675000031478703
126.86288939998485,0,0,19.14360001683235,0.01680001150816679,19.16040002834052
126.91262950003147,0,0,19.31979996152222,0.022099993657320738,19.341899955179542
126.95795449998695,0,1,13.675399997737259,16.787200001999736,30.462599999736995
127.02158310002415,0,0,20.713299978524446,0.022799998987466097,20.736099977511913
127.07104080001591,0,0,18.969199969433248,0.018200022168457508,18.987399991601706
127.12003689998528,0,0,15.170500031672418,0.012499978765845299,15.183000010438263
127.16717269999208,0,1,34.477700013667345,16.907399985939264,51.38509999960661
127.22093100001803,0,0,27.115700009744614,0.015099998563528061,27.130800008308142
127.25977270002477,0,0,13.256200007162988,0.016799953300505877,13.272999960463494
127.32782780000707,0,0,20.5959000159055,0.017799960914999247,20.6136999768205
127.37501180003164,0,1,24.610299966298044,0.7596000214107335,25.369899987708777
127.42046150000533,0,0,25.73530003428459,0.014999997802078724,25.75030003208667
127.46940010000253,0,0,15.567100024782121,0.016300007700920105,15.583400032483041
127.51965600001859,0,0,17.71699998062104,0.016000005416572094,17.732999986037612
127.56557400000747,0,0,13.99980002315715,0.01829996472224593,14.018099987879395
127.63427239999874,0,1,23.214399989228696,16.916299995500594,40.13069998472929
127.68138530000579,0,0,16.91419997951016,0.0171000137925148,16.931299993302673
127.72587830002885,0,0,14.824399957433343,0.01360004534944892,14.838000002782792
127.77446330001112,0,0,17.092800000682473,0.01279998105019331,17.105599981732666
127.82312760001514,0,0,19.65520001249388,0.018199963960796595,19.673399976454675
127.871240700013,0,1,19.117399991955608,7.000699988566339,26.118099980521947
127.93476969999028,0,0,19.845700007863343,0.01650000922381878,19.86220001708716
127.98143990000244,0,0,18.720599997323006,0.013699987903237343,18.734299985226244
128.03181860002223,0,0,16.984199988655746,0.014999997802078724,16.999199986457825
128.08067200001096,0,1,20.11709997896105,1.0233999928459525,21.140499971807003
128.12661020003725,0,0,21.671700000297278,0.02039998071268201,21.69209998100996
128.1749545999919,0,0,15.776500047650188,0.01899997005239129,15.79550001770258
128.23905800003558,0,0,20.832399954088032,0.01650000922381878,20.84889996331185
128.2899052000139,0,1,17.084099992644042,0.813600025139749,17.89770001778379
128.33211230003508,0,0,13.56259995372966,0.01479999627918005,13.57739995000884
128.38104110001586,0,0,20.014400011859834,0.01799996243789792,20.032399974297732
128.43115120002767,0,0,19.3289999733679,0.014999997802078724,19.34399997116998
128.48343469999963,0,0,16.682200017385185,0.018200022168457508,16.700400039553642
128.54356160003226,0,1,16.34219998959452,17.016600002534688,33.35879999212921
128.59075440000743,0,0,19.86980001674965,0.01799996243789792,19.887799979187548
128.63978790002875,0,0,17.496999993454665,0.01650000922381878,17.513500002678484
128.6871807000134,0,0,23.57680001296103,0.025099958293139935,23.60189997125417
128.73768429999473,0,0,17.763999989256263,0.026800029445439577,17.790800018701702
128.78164340002695,0,1,17.153599997982383,17.698500014375895,34.85210001235828
128.84741129999747,0,0,21.50249999249354,0.018300022929906845,21.520800015423447
128.8959799000295,0,0,14.472599956206977,0.01610000617802143,14.488699962384999
128.94565880001755,0,0,22.815699980128556,0.028999987989664078,22.84469996811822
128.98965350002982,0,1,18.683800008147955,0.8151999791152775,19.498999987263232
129.03655680001248,0,0,13.570800016168505,0.013999990187585354,13.58480000635609
129.08533899998292,0,0,19.667700049467385,0.01580000389367342,19.68350005336106
129.14953819999937,0,0,21.571399993263185,0.018400023691356182,21.58980001695454
129.2013543000212,0,1,15.356299991253763,17.16119999764487,32.517499988898635
129.2449673000374,0,0,13.866900000721216,0.018799968529492617,13.885699969250709
129.29325149999931,0,0,19.548700016457587,0.0171000137925148,19.565800030250102
129.34608560003107,0,0,20.35429998068139,0.017700018361210823,20.3719999990426
129.38981820002664,0,0,29.56519997678697,0.01680001150816679,29.581999988295138
129.45794709998881,0,1,18.322500050999224,17.629799956921488,35.95230000792071
129.4993224000209,0,0,12.778599979355931,0.016200006939470768,12.794799986295402
129.54950309998821,0,0,16.167900001164526,0.019400031305849552,16.187300032470375
129.5980570000247,0,0,18.14499997999519,0.01409999094903469,18.159099970944226
129.64791780000087,0,0,15.092900022864342,0.021099986042827368,15.114000008907169
129.69387540000025,0,1,17.650800000410527,0.9920999873429537,18.64289998775348
129.76203949999763,0,0,22.343199991155416,0.017400016076862812,22.36060000723228
129.80700660002185,0,0,17.092399997636676,0.014499993994832039,17.106899991631508
129.855309400009,0,0,17.000799998641014,0.02300000051036477,17.02379999915138
129.901259700011,0,1,18.451299984008074,0.7406999939121306,19.191999977920204
129.94887429999653,0,0,19.148999999742955,0.01780001912266016,19.166800018865615
129.99863570003072,0,0,18.009399995207787,0.021299987565726042,18.030699982773513
130.06381469999906,0,0,22.405600000638515,0.022099993657320738,22.427699994295835
130.11227939999662,0,1,18.426200025714934,16.728999966289848,35.15519999200478
130.15665369998896,0,0,12.540600029751658,0.014299992471933365,12.554900022223592
130.20764179999242,0,0,18.16760003566742,0.014299992471933365,18.181900028139353
130.25471200002357,0,0,19.533699960447848,0.02870004391297698,19.562400004360825
130.30260390002513,0,0,19.290999975055456,0.020599982235580683,19.311599957291037
130.36886970000342,0,1,19.651599985081702,16.672099998686463,36.323699983768165
130.4122739000013,0,0,13.65610002540052,0.014599994756281376,13.6707000201568
130.46162180003012,0,0,19.30260000517592,0.012899981811642647,19.31549998698756
130.51177919999463,0,0,20.774300035554916,0.015500001609325409,20.78980003716424
130.55756769998698,0,0,13.160100032109767,0.024300010409206152,13.184400042518973
130.60714780003764,0,1,19.937399949412793,17.41200004471466,37.34939999412745
130.67118360003224,0,0,20.428799965884537,0.01750001683831215,20.44629998272285
130.71740269998554,0,0,20.863300014752895,0.016200006939470768,20.879500021692365
130.76963380002417,0,0,19.84620001167059,0.030399998649954796,19.876600010320544
130.81484700000146,0,1,18.298699986189604,0.7850000401958823,19.083700026385486
130.86417469999287,0,0,21.889600029680878,0.012999982573091984,21.90260001225397
130.90720070002135,0,0,12.450199981685728,0.01279998105019331,12.462999962735921
130.959102599998,0,0,18.51419999729842,0.017400016076862812,18.531600013375282
131.0262020000373,0,1,19.09629994770512,0.6892000092193484,19.78549995692447
131.06780190003337,0,0,18.407800002023578,0.022899999748915434,18.430700001772493
131.11869390000356,0,0,21.13830001326278,0.018200022168457508,21.156500035431236
131.16692029999103,0,0,21.13370003644377,0.022899999748915434,21.156600036192685
131.2151012000395,0,0,21.850299963261932,0.018200022168457508,21.86849998543039
131.2653799999971,0,1,17.125600017607212,17.417100025340915,34.54270004294813
131.32748819998233,0,0,24.55750002991408,0.018000020645558834,24.57550005055964
131.37284710002132,0,0,14.004700002260506,0.013599987141788006,14.018299989402294
131.42306659999304,0,0,13.903799990657717,0.014300050679594278,13.918100041337311
131.47403069998836,0,1,15.757800021674484,0.9603999787941575,16.71820000046864
131.51921080000466,0,0,16.452800016850233,0.015900004655122757,16.468700021505356
131.5670920999837,0,0,18.53660005144775,0.015300000086426735,18.551900051534176
131.6314389000181,0,0,21.248499979265034,0.024900014977902174,21.273399994242936
131.68176710000262,0,1,15.052100003231317,0.8080999832600355,15.860199986491352
131.72688520001248,0,0,16.13020000513643,0.011899974197149277,16.14209997933358
131.7751529000234,0,0,20.324999990407377,0.015900004655122757,20.3408999950625
131.82589909998933,0,0,23.22570001706481,0.026800029445439577,23.25250004651025
131.87111000000732,0,0,16.70789998024702,0.014500052202492952,16.722400032449514
131.93804879998788,0,1,21.426399995107204,17.031600000336766,38.45799999544397
131.98266780003905,0,0,22.869399981573224,0.019799976143985987,22.88919995771721
132.02695259999018,0,0,12.265500030480325,0.01680001150816679,12.282300041988492
132.07849009998608,0,0,15.8993000513874,0.0173999578692019,15.916700009256601
132.12892580003245,0,0,19.918099977076054,0.016300007700920105,19.934399984776974
132.17393849999644,0,1,19.446999998763204,0.9213000303134322,20.368300029076636
132.24047150003025,0,0,21.670799993444234,0.017400016076862812,21.688200009521097
132.28616720001446,0,0,13.510500022675842,0.016599951777607203,13.52709997445345
132.33608300000196,0,0,14.473200018983334,0.014999997802078724,14.488200016785413
132.38027150003472,0,1,14.83519998146221,0.7538999780081213,15.589099959470332
132.42997759999707,0,0,20.41370002552867,0.016600009985268116,20.430300035513937
132.47872509999434,0,0,15.85190003970638,0.020599982235580683,15.87250002194196
132.54114799998933,0,0,21.51010005036369,0.01999997766688466,21.530100028030574
132.59373480000068,0,1,18.839100026525557,16.920799971558154,35.75989999808371
132.63498380000237,0,0,12.9935999866575,0.01479999627918005,13.00839998293668
132.68591390002985,0,0,19.432000000961125,0.020599982235580683,19.452599983196706
132.7377911999938,0,0,16.186100023332983,0.02570002106949687,16.21180004440248
132.7822681000107,0,0,16.736800025682896,0.018199963960796595,16.754999989643693
132.84913340001367,0,1,20.454299985431135,17.498900007922202,37.95319999335334
132.8947641000268,0,0,18.82659998955205,0.02619996666908264,18.852799956221133
132.9391198999947,0,0,14.712900039739907,0.017599959392100573,14.730499999132007
132.991931400029,0,0,19.952500006183982,0.020499981474131346,19.972999987658113
133.03684409998823,0,0,12.593000021297485,0.015099998563528061,12.608100019861013
133.08516660000896,0,1,19.2181000020355,16.923599992878735,36.141699994914234
133.15148210001644,0,0,20.61499998671934,0.016400008462369442,20.63139999518171
133.196451900003,0,0,24.540600017644465,0.016600009985268116,24.557200027629733
133.2486166000017,0,0,15.304600005038083,0.014299992471933365,15.318899997510016
133.29563110001618,0,1,20.040599978528917,0.8550999918952584,20.895699970424175
133.34311310003977,0,0,18.323899945244193,0.014100049156695604,18.33799999440089
133.39115809998475,0,0,19.18689999729395,0.015500001609325409,19.202399998903275
133.4532500000205,0,0,18.654500017873943,0.014499993994832039,18.669000011868775
133.5025820999872,0,1,21.10280003398657,16.79389999480918,37.89670002879575
133.55147920001764,0,0,18.94069998525083,0.015300000086426735,18.955999985337257
133.60334169998532,0,0,28.678500035312027,0.021599989850074053,28.7001000251621
133.64602809998905,0,0,17.678000032901764,0.016200006939470768,17.694200039841235
133.6951979000005,0,0,19.520700036082417,0.01729995710775256,19.53799999319017
133.7619846999878,0,1,20.49090003129095,0.9857999975793064,21.476700028870255
133.80301390000386,0,0,12.710399983916432,0.014100049156695604,12.724500033073127
133.8553034000215,0,0,17.98529998632148,0.015500001609325409,18.000799987930804
133.90153139998438,0,0,21.46840002387762,0.02169999061152339,21.490100014489144
133.95126509998227,0,0,15.76720003504306,0.02819998189806938,15.79540001694113
134.00069150002673,0,1,18.241100013256073,17.4797999789007,35.720899992156774
134.06228539999574,0,0,21.521300019230694,0.016200006939470768,21.537500026170164
134.1116689000046,0,0,22.049600025638938,0.01869996776804328,22.06829999340698
134.16159309999784,0,0,27.843000018037856,0.020099978428333998,27.86309999646619
134.20648779999465,0,1,23.134500021114945,0.9562000050209463,24.09070002613589
134.25190179998754,0,0,13.375500042457134,0.01479999627918005,13.390300038736314
134.30224580003414,0,0,19.821199995931238,0.015600002370774746,19.836799998302013
134.36847950000083,0,0,16.999399987980723,0.014599994756281376,17.013999982737005
134.41489260003436,0,1,23.60349998343736,0.7204000139608979,24.323899997398257
134.46063129999675,0,0,13.824700028635561,0.014299992471933365,13.839000021107495
134.51045810000505,0,0,21.38270001159981,0.024200009647756815,21.406900021247566
134.5593874999904,0,0,20.66259999992326,0.02050003968179226,20.68310003960505
134.60664710000856,0,0,21.565200004260987,0.025200017262250185,21.590400021523237
134.67194570001448,0,1,19.42969998344779,0.7919000345282257,20.221600017976016
134.71770540002035,0,0,17.807799973525107,0.020000035874545574,17.827800009399652
134.76532970002154,0,0,15.29010001104325,0.01899997005239129,15.309099981095642
134.8143442000146,0,0,20.90389997465536,0.020000035874545574,20.923900010529906
134.86640440003248,0,0,14.556899957824498,0.021400046534836292,14.578300004359335
134.9072737999959,0,1,13.604000036139041,16.895499953534454,30.499499989673495
134.97513879998587,0,0,18.81040004082024,0.01899997005239129,18.829400010872632
135.01903960003983,0,0,14.810599968768656,0.02139998832717538,14.831999957095832
135.07340520003345,0,0,31.442199950106442,0.020700041204690933,31.462899991311133
135.11546649999218,0,1,27.333300036843866,1.0621999972499907,28.395500034093857
135.16344530001516,0,0,14.475599979050457,0.02139998832717538,14.496999967377633
135.2132091000094,0,0,17.419699986930937,0.01750001683831215,17.43720000376925
135.27545590000227,0,0,13.273100019432604,0.02729997504502535,13.30039999447763
135.3267998000374,0,1,32.44239999912679,17.224199953489006,49.6665999526158
135.38006060000043,0,0,27.49730000505224,0.026500027161091566,27.52380003221333
135.42176130000735,0,0,48.33770002005622,0.01610000617802143,48.35380002623424
135.47253150003962,0,0,37.289699946995825,0.024800014216452837,37.31449996121228
135.51620960002765,0,0,31.420699961017817,0.01360004534944892,31.434300006367266
135.58158709999407,0,1,17.99260004190728,16.605299955699593,34.59789999760687
135.63045039999997,0,0,21.089599991682917,0.016700010746717453,21.106300002429634
135.67715850000968,0,0,15.166099998168647,0.01650000922381878,15.182600007392466
135.728153700009,0,0,17.897000012453645,0.015600002370774746,17.91260001482442
135.77590700000292,0,0,14.049099991098046,0.020300038158893585,14.06940002925694
135.82352550001815,0,1,18.291099986527115,16.680200002156198,34.97129998868331
135.8688528999919,0,0,15.589700022246689,0.014999997802078724,15.604700020048767
135.93136009998852,0,0,14.562099997419864,0.014000048395246267,14.57610004581511
135.98385170003166,0,0,19.936199998483062,0.01869996776804328,19.954899966251105
136.02895539999008,0,1,16.566900012549013,0.8187000057660043,17.385600018315017
136.07863559998805,0,0,20.372900005895644,0.01360004534944892,20.386500051245093
136.1270142000285,0,0,26.72079997137189,0.01750001683831215,26.7382999882102
136.1732985000126,0,0,38.26419997494668,0.018600025214254856,38.28280000016093
136.23868920002133,0,1,29.015399981290102,17.149000021163374,46.164400002453476
136.2875631999923,0,0,13.738400011789054,0.01479999627918005,13.753200008068234
136.33397800003877,0,0,17.057299963198602,0.014699995517730713,17.071999958716333
136.3808471999946,0,0,13.055699993856251,0.01260003773495555,13.068300031591207
136.4284816000145,0,0,13.425800018012524,0.0315000070258975,13.457300025038421
136.47639810002875,0,1,13.96419998491183,0.7619999814778566,14.726199966389686
136.5428174000117,0,0,22.522400016896427,0.016400008462369442,22.538800025358796
136.59301609999966,0,0,16.57460001297295,0.015700003132224083,16.590300016105175
136.63646970002446,0,0,13.550099974963814,0.01479999627918005,13.564899971242994
136.68688380002277,0,1,19.413999980315566,16.81460003601387,36.22860001632944
136.73401610000292,0,0,18.99690000573173,0.01279998105019331,19.009699986781925
136.78436190000502,0,0,24.629199993796647,0.023600005079060793,24.652799998875707
136.8449486999889,0,0,15.147300029639155,0.016600009985268116,15.163900039624423
136.8974872000399,0,1,18.172799958847463,0.7848000386729836,18.957599997520447
136.94232969998848,0,0,17.72910001454875,0.016600009985268116,17.745700024534017
136.99351960001513,0,0,20.744399982504547,0.016700010746717453,20.761099993251264
137.03695740003604,0,0,15.767399978358299,0.013699987903237343,15.781099966261536
137.08743690000847,0,0,30.342100013513118,0.016200006939470768,30.35830002045259
137.15519770001993,0,1,20.830499997828156,0.652400020044297,21.482900017872453
137.1953451000154,0,0,13.083299971185625,0.013200042303651571,13.096500013489276
137.2472337000072,0,0,19.747400016058236,0.021799991372972727,19.76920000743121
137.2959741000086,0,0,17.458299989812076,0.020200037397444248,17.47850002720952
137.34473840001738,0,0,13.928800006397069,0.015099998563528061,13.943900004960597
137.3925388000207,0,1,16.03509997949004,17.630000016652048,33.66509999614209
137.45471610000823,0,0,21.278399974107742,0.025100016500800848,21.303499990608543
137.49921290000202,0,0,13.464200019370764,0.013399985618889332,13.477600004989654
137.5495378000196,0,0,13.294100004713982,0.0171000137925148,13.311200018506497
137.59608180000214,0,1,13.196000014431775,0.6375000230036676,13.833500037435442
137.64763590000803,0,0,19.59699997678399,0.020400038920342922,19.617400015704334
137.69571100000758,0,0,20.18410002347082,0.020599982235580683,20.2047000057064
137.75728449999588,0,0,19.747500016819686,0.018200022168457508,19.765700038988143
137.80898770003114,0,1,13.457999972160906,17.66800001496449,31.125999987125397
137.85505700000795,0,0,19.03580001089722,0.017900019884109497,19.05370003078133
137.89972670003772,0,0,16.361899964977056,0.015900004655122757,16.37779996963218
137.9491277000052,0,0,19.894500030204654,0.018899969290941954,19.913399999495596
137.9985619999934,0,0,19.462700001895428,0.019200029782950878,19.48190003167838
138.0615667999955,0,1,17.416000016964972,17.418499977793545,34.83449999475852
138.11102060001576,0,0,19.302700005937368,0.014399993233382702,19.31709999917075
138.15760189999128,0,0,18.119300017133355,0.013499986380338669,18.132800003513694
138.20894520002184,0,0,20.437699975445867,0.01750001683831215,20.45519999228418
138.2568834000267,0,0,16.298400005325675,0.016300007700920105,16.314700013026595
138.30051620001905,0,1,18.33920000353828,0.8056999649852514,19.144899968523532
138.3679814999923,0,0,19.646700005978346,0.016200006939470768,19.662900012917817
138.41200750001008,0,0,16.51550002861768,0.014999997802078724,16.53050002641976
138.4606816000305,0,0,15.361899975687265,0.01680001150816679,15.378699987195432
138.50927129999036,0,1,20.549600012600422,0.8981000282801688,21.44770004088059
138.55924820003565,0,0,17.092399997636676,0.013899989426136017,17.106299987062812
138.6071616000263,0,0,14.308399986475706,0.019599974621087313,14.327999961096793
138.66911610000534,0,0,19.099000026471913,0.014399993233382702,19.113400019705296
138.72214640001766,0,1,18.237899988889694,6.721500016283244,24.959400005172938
138.76703809999162,0,0,20.737000042572618,0.022099993657320738,20.75910003622994
138.81364030000987,0,0,19.913800002541393,0.020799983758479357,19.934599986299872
138.86334650003118,0,0,19.014499965123832,0.016300007700920105,19.030799972824752
138.909868000017,0,0,18.824499973561615,0.01680001150816679,18.84129998506978
138.97609399998328,0,1,16.241000033915043,17.030699993483722,33.271700027398765
139.0248944000341,0,0,17.773600004147738,0.016799953300505877,17.790399957448244
139.0677958999877,0,0,21.28330001141876,0.019900035113096237,21.303200046531856
139.1175971000339,0,0,22.642500000074506,0.018199963960796595,22.660699964035302
139.16929709998658,0,0,17.433600034564734,0.0192999723367393,17.452900006901473
139.21534250001423,0,1,17.528600001242012,0.5499999970197678,18.07859999826178
139.2792356000282,0,0,20.12289996491745,0.014699995517730713,20.137599960435182
139.32751169998664,0,0,22.678400040604174,0.017199956346303225,22.695599996950477
139.37300920003327,0,0,14.075799961574376,0.01360004534944892,14.089400006923825
139.42416430002777,0,1,22.695699997711927,17.26519997464493,39.960899972356856
139.4732728000381,0,0,18.25359999202192,0.016000005416572094,18.26959999743849
139.51734130003024,0,0,17.340199963655323,0.021499989088624716,17.361699952743948
139.58278920000885,0,0,19.756400026381016,0.020099978428333998,19.77650000480935
139.63274840003578,0,1,17.850999953225255,1.1361000360921025,18.987099989317358
139.67628670000704,0,0,15.170000027865171,0.01999997766688466,15.190000005532056
139.72783069999423,0,0,19.027900008950382,0.015099998563528061,19.04300000751391
139.7744462999981,0,0,21.321400010492653,0.01850002445280552,21.339900034945458
139.82353980001062,0,0,22.431900026276708,0.020799983758479357,22.452700010035187
139.89034179999726,0,1,21.44350000889972,17.323400010354817,38.766900019254535
139.9357572000008,0,0,20.719600026495755,0.01839996548369527,20.73799999197945
139.98343950003618,0,0,17.440199968405068,0.018400023691356182,17.458599992096424
140.03061529999832,0,0,18.809700035490096,0.01610000617802143,18.825800041668117
140.07996210001875,0,0,15.232099976856261,0.025900022592395544,15.257999999448657
140.12723939999705,0,1,20.824800012633204,17.425799975171685,38.25059998780489
140.1894489999977,0,0,19.728099985513836,0.015600002370774746,19.74369998788461
140.23983159998897,0,0,17.805000010412186,0.014699995517730713,17.819700005929917
140.2896813999978,0,0,17.9274000111036,0.01479999627918005,17.94220000738278
140.3380865000072,0,1,15.856600017286837,0.8784999954514205,16.735100012738258
140.38201940001454,0,0,20.01029998064041,0.019400031305849552,20.02970001194626
140.43168520001927,0,0,21.055999968666583,0.0247000134550035,21.080699982121587
140.49432320002234,0,0,17.218599969055504,0.015600002370774746,17.23419997142628
140.546283600037,0,1,21.37669996591285,16.905700031202286,38.282399997115135
140.58780780003872,0,0,15.803599962964654,0.02069998299703002,15.824299945961684
140.6389802999911,0,0,20.152100012637675,0.020099978428333998,20.17219999106601
140.68598890001886,0,0,18.013899971265346,0.021899992134422064,18.035799963399768
140.73517770000035,0,0,18.91410001553595,0.018899969290941954,18.932999984826893
140.80481980001787,0,1,19.77939996868372,17.201000009663403,36.98039997834712
140.84501420002198,0,0,18.898300011642277,0.01479999627918005,18.913100007921457
140.89559339999687,0,0,16.25750004313886,0.0192999723367393,16.2768000154756
140.9436634000158,0,0,18.14499997999519,0.014899997040629387,18.15989997703582
140.99333100003423,0,0,21.537299966439605,0.02239999594166875,21.559699962381274
141.03770460002124,0,1,18.389899982139468,2.5682999985292554,20.958199980668724
141.08530199999223,0,0,19.712300039827824,0.012699980288743973,19.725000020116568
141.1526854999829,0,0,20.16330003971234,0.015700003132224083,20.179000042844564
141.20208760001697,0,0,20.755200006533414,0.019499973859637976,20.774699980393052
141.24568610003917,0,1,17.707099963445216,1.2163000064902008,18.923399969935417
141.2949718000018,0,0,17.979600001126528,0.015600002370774746,17.995200003497303
141.3412582000019,0,0,18.495400028768927,0.018499966245144606,18.51389999501407
141.39130429999204,0,0,20.584999991115183,0.018200022168457508,20.60320001328364
141.45826059998944,0,1,21.49210002971813,17.02779997140169,38.51990000111982
141.5025156000047,0,0,19.752099993638694,0.014699995517730713,19.766799989156425
141.5470318000298,0,0,12.969199975486845,0.015900004655122757,12.985099980141968
141.5990618999931,0,0,16.234300041105598,0.018799968529492617,16.25310000963509
141.65116040001158,0,0,17.670599976554513,0.02500001573935151,17.695599992293864
141.69485159998294,0,1,17.623300023842603,0.7483999943360686,18.37170001817867
141.75914350000676,0,0,19.204900017939508,0.012499978765845299,19.217399996705353
141.80563670000993,0,0,18.211000016890466,0.018199963960796595,18.229199980851263
141.85763139999472,0,0,15.417099988553673,0.018200022168457508,15.43530001072213
141.90149220003514,0,1,15.923400002066046,0.8643999462947249,16.78779994836077
141.95141829998465,0,0,18.302900018170476,0.019400031305849552,18.322300049476326
141.9991880999878,0,0,19.366800028365105,0.014699995517730713,19.381500023882836
142.06662699999288,0,0,24.5427000336349,0.021899992134422064,24.564600025769323
142.10882449999917,0,1,18.626400036737323,3.009699983522296,21.63610002025962
142.15596060000826,0,0,15.964600024744868,0.01729995710775256,15.98189998185262
142.20709380001063,0,0,20.039500028360635,0.01769996015354991,20.057199988514185
142.25491680001142,0,0,17.11110002361238,0.01669995253905654,17.127799976151437
142.30279889999656,0,0,17.105900042224675,0.014699995517730713,17.120600037742406
142.36717530002352,0,1,14.404899964574724,0.6591000128537416,15.063999977428466
142.4139430000214,0,0,17.37319998210296,0.013699987903237343,17.386899970006198
142.4628478999948,0,0,16.768100031185895,0.029099988751113415,16.79720001993701
142.5109273000271,0,0,19.020400010049343,0.01629994949325919,19.036699959542602
142.56138219998684,0,0,22.56620000116527,0.015700003132224083,22.581900004297495
142.6051337000099,0,1,18.63250002497807,0.7474999874830246,19.380000012461096
142.6704616000061,0,0,20.532399998046458,0.015300000086426735,20.547699998132885
142.71756540000206,0,0,17.53650000318885,0.015199999324977398,17.551700002513826
142.76490930002183,0,0,13.304599968250841,0.01650000922381878,13.32109997747466
142.81538929999806,0,1,18.519000033847988,0.7180999964475632,19.23710003029555
142.86559679999482,0,0,15.262600034475327,0.014399993233382702,15.27700002770871
142.9106966999825,0,0,16.535400005523115,0.014400051441043615,16.54980005696416
142.9765747000347,0,0,20.430099975783378,0.01969997538253665,20.449799951165915
143.0247740999912,0,1,18.724000023212284,0.9060999727807939,19.630099995993078
143.06908350001322,0,0,14.005100005306304,0.013299984857439995,14.018399990163743
143.1155582999927,0,0,17.163200012873858,0.015500001609325409,17.178700014483184
143.16731400002027,0,0,20.292799978051335,0.02099998528137803,20.313799963332713
143.21488330001011,0,0,16.29920001141727,0.015199999324977398,16.314400010742247
143.27874879998853,0,1,14.613400038797408,0.9369999752379954,15.550400014035404
143.32538220001152,0,0,18.6785000259988,0.014299992471933365,18.692800018470734
143.373581700027,0,0,19.223299983423203,0.01610000617802143,19.239399989601225
143.4219207999995,0,0,16.488499997649342,0.01810002140700817,16.50660001905635
143.47402510000393,0,0,21.43269998487085,0.024100008886307478,21.45679999375716
143.51956079999218,0,1,22.009700012858957,16.760700033046305,38.77040004590526
143.58311130001675,0,0,19.08910000929609,0.021499989088624716,19.110599998384714
143.63072359998478,0,0,16.14520000293851,0.01910002902150154,16.16430003196001
143.68277140002465,0,0,15.726599958725274,0.01910002902150154,15.745699987746775
143.72666640003445,0,1,20.21809999132529,0.8488000021316111,21.0668999934569
143.77469580003526,0,0,16.071899968665093,0.015900004655122757,16.087799973320216
143.82384910003748,0,0,18.325399956665933,0.020300038158893585,18.345699994824827
143.88614210003288,0,0,21.476899972185493,0.015400000847876072,21.49229997303337
143.93277010001475,0,1,18.356600019615144,0.8964999578893185,19.253099977504462
143.98016129998723,0,0,14.79540002765134,0.01850002445280552,14.813900052104145
144.02850020001642,0,0,20.327000005636364,0.01479999627918005,20.341800001915544
144.07655290002003,0,0,20.387500000651926,0.019199971575289965,20.406699972227216
144.12577059998875,0,0,19.636400043964386,0.017899961676448584,19.654300005640835
144.19147880002856,0,1,21.167200000490993,17.167899990454316,38.33509999094531
144.23725609999383,0,0,18.5423000366427,0.018099963199347258,18.560399999842048
144.28346130001592,0,0,14.440099999774247,0.014699995517730713,14.454799995291978
144.33319879998453,0,0,16.209300025366247,0.020499981474131346,16.229800006840378
144.3816361000063,0,0,19.652799994219095,0.020599982235580683,19.673399976454675
144.4301493000239,0,1,17.560400010552257,17.153699998743832,34.71410000929609
144.4917707000277,0,0,14.510500011965632,0.014399993233382702,14.524900005199015
144.54110640002182,0,0,17.21600000746548,0.022599997464567423,17.23860000493005
144.58853609999642,0,0,16.463400039356202,0.015199999324977398,16.47860003868118
144.63759490003577,0,1,18.90659995842725,1.333200023509562,20.239799981936812
144.68561290000798,0,0,17.531500023324043,0.01309998333454132,17.544600006658584
144.73171240004012,0,0,21.58559998497367,0.016300007700920105,21.60189999267459
144.79510909999954,0,0,13.997500005643815,0.013899989426136017,14.01139999506995
144.84534559998428,0,1,17.70240004407242,0.7803000044077635,18.482700048480183
144.8914749000105,0,0,15.981099975761026,0.02540001878514886,16.006499994546175
144.9401633000234,0,0,13.68410000577569,0.014599994756281376,13.698700000531971
144.9934837000328,0,0,16.791499976534396,0.015700003132224083,16.80719997966662
145.03658320003888,0,0,16.76159998169169,0.019599974621087313,16.781199956312776
145.10262530000182,0,1,21.353600022848696,17.287899972870946,38.64149999571964
145.14995400002226,0,0,18.293700006324798,0.015199999324977398,18.308900005649775
145.19573650002712,0,0,13.87209998210892,0.029699993319809437,13.90179997542873
145.2469928000355,0,0,19.752199994400144,0.01699995482340455,19.769199949223548
145.2971989000216,0,0,17.275899997912347,0.013199984095990658,17.289099982008338
145.3432628000155,0,1,21.01660001790151,16.683899972122163,37.70049999002367
145.4084290000028,0,0,14.067000010982156,0.015400000847876072,14.082400011830032
145.45371889998205,0,0,14.880700036883354,0.015700003132224083,14.896400040015578
145.50624110002536,0,0,15.252799959853292,0.01580000389367342,15.268599963746965
145.5491024000221,0,1,15.784299990627915,0.7755000260658562,16.55980001669377
145.59962729999097,0,0,19.841400033328682,0.0247000134550035,19.866100046783686
145.64385540003423,0,0,13.241599954199046,0.015400000847876072,13.256999955046922
145.70720030000666,0,0,19.014200021047145,0.026799971237778664,19.040999992284924
145.76270880002994,0,1,20.574299967847764,1.0760999866761267,21.65039995452389
145.8077498000348,0,0,15.799199987668544,0.015600002370774746,15.814799990039319
145.85508020000998,0,0,20.490200025960803,0.01599994720891118,20.506199973169714
145.90140780003276,0,0,18.58959998935461,0.017600017599761486,18.607200006954372
145.9517247999902,0,0,19.971500034444034,0.013199984095990658,19.984700018540025
146.00215529999696,0,1,18.89050001045689,16.78350003203377,35.67400004249066
146.06324220000533,0,0,19.018199993297458,0.027300033252686262,19.045500026550144
146.10746010002913,0,0,13.282199972309172,0.01409999094903469,13.296299963258207
146.1575477999868,0,0,19.01510002790019,0.019599974621087313,19.034700002521276
146.20880329998909,0,1,19.557600026018918,1.170800009276718,20.728400035295635
146.25542200001655,0,0,18.70549999875948,0.017600017599761486,18.72310001635924
146.3023525000317,0,0,14.774999988730997,0.01309998333454132,14.788099972065538
146.36754130001646,0,0,20.781999977771193,0.014299992471933365,20.796299970243126
146.41798030002974,0,1,20.755300007294863,7.135199964977801,27.890499972272664
146.45993970002746,0,0,14.16849996894598,0.013499986380338669,14.181999955326319
146.51026020001154,0,0,17.18540000729263,0.016600009985268116,17.202000017277896
146.5550377999898,0,0,12.69590004812926,0.014199991710484028,12.710100039839745
146.60387380002066,0,0,13.21160001680255,0.013399985618889332,13.225000002421439
146.67493570002262,0,1,17.81160000246018,0.8512999629601836,18.662899965420365
146.71935680002207,0,0,16.33339998079464,0.017700018361210823,16.35109999915585
146.76372759998776,0,0,15.537400031462312,0.01829996472224593,15.555699996184558
146.8151990000042,0,0,19.113300018943846,0.014499993994832039,19.12780001293868
146.86305550002726,0,0,14.477099990472198,0.014199991710484028,14.491299982182682
146.90793370001484,0,1,13.439400005154312,18.31389998551458,31.753299990668893
146.97494970000116,0,0,20.28310002060607,0.019899976905435324,20.302999997511506
147.02089749998413,0,0,13.32570001250133,0.01409999094903469,13.339800003450364
147.0716545000323,0,0,14.356900006532669,0.01379998866468668,14.370699995197356
147.11686270002974,0,1,13.798500003758818,0.7097999914549291,14.508299995213747
147.1649180999957,0,0,18.54660001117736,0.014599994756281376,18.561200005933642
147.2133143999963,0,0,17.07559998612851,0.014000048395246267,17.089600034523755
147.2770333000226,0,0,21.56349999131635,0.01999997766688466,21.583499968983233
147.32616759999655,0,1,15.019999991636723,0.8746000239625573,15.89460001559928
147.3723812000244,0,0,34.4016999588348,0.017200014553964138,34.41889997338876
147.42052970000077,0,0,21.987400017678738,0.024800014216452837,22.01220003189519
147.47220280003967,0,0,19.40749998902902,0.022499996703118086,19.429999985732138
147.51800079998793,0,0,26.6465000458993,0.027099973522126675,26.67360001942143
147.58321690000594,0,1,19.90670000668615,0.8771999855525792,20.78389999223873
147.63006049999967,0,0,21.004999987781048,0.017700018361210823,21.02270000614226
147.67647760000546,0,0,13.997300004120916,0.014899997040629387,14.012200001161546
147.72502110002097,0,0,17.971399996895343,0.01810002140700817,17.98950001830235
147.77763890003553,0,0,21.35259995702654,0.021899992134422064,21.374499949160963
147.82351509999717,0,1,19.389300025068223,0.7815000135451555,20.17080003861338
147.8912588999956,0,0,22.23000000230968,0.018600025214254856,22.248600027523935
147.9334341000067,0,0,15.571500000078231,0.01650000922381878,15.58800000930205
147.98459900001762,0,0,17.486799973994493,0.02900004619732499,17.51580002019182
148.02883329999167,0,1,20.230800029821694,1.0380999883636832,21.268900018185377
148.07979500002693,0,0,20.42849996360019,0.01780001912266016,20.44629998272285
148.12891939998372,0,0,20.567200030200183,0.01999997766688466,20.587200007867068
148.18936200003373,0,0,20.861900004092604,0.023799948394298553,20.885699952486902
148.23946770001203,0,1,18.336599983740598,0.8733000140637159,19.209899997804314
148.2896652999916,0,0,18.57650000602007,0.022499996703118086,18.599000002723187
148.33523989998503,0,0,18.195000011473894,0.0171000137925148,18.21210002526641
148.38341629999923,0,0,19.298500032164156,0.015400000847876072,19.313900033012033
148.4321728000068,0,0,17.681199999060482,0.01650000922381878,17.6977000082843
148.4973842999898,0,1,20.79440001398325,17.07669999450445,37.8711000084877
148.54076270002406,0,0,21.196599991526455,0.020599982235580683,21.217199973762035
148.5875447000144,0,0,14.44120000815019,0.014299992471933365,14.455500000622123
148.6392284000176,0,0,19.63729999260977,0.016000005416572094,19.65329999802634
148.69012149999617,0,0,17.58540002629161,0.015400000847876072,17.600800027139485
148.7356895999983,0,1,23.823500028811395,17.9762999759987,41.799800004810095
148.798941200017,0,0,19.7883999790065,0.014699995517730713,19.80309997452423
148.84677730000112,0,0,16.48869999917224,0.019700033590197563,16.508400032762438
148.89635330002056,0,0,18.624899967107922,0.028600043151527643,18.65350001025945
148.94427720003296,0,1,18.154499994125217,0.7921999786049128,18.94669997273013
148.99233849998564,0,0,17.4817000515759,0.017599959392100573,17.499300010968
149.03512890002457,0,0,12.947999988682568,0.016200006939470768,12.964199995622039
149.0989539999864,0,0,13.557900034356862,0.01610000617802143,13.574000040534884
149.14867560000857,0,1,14.230299973860383,0.56900002527982,14.799299999140203
149.19503090000944,0,0,13.471800019033253,0.021899992134422064,13.493700011167675
149.24312599998666,0,0,13.211300014518201,0.018200022168457508,13.229500036686659
149.2947628000402,0,0,20.388999953866005,0.020900042727589607,20.409899996593595
149.3433728000382,0,0,20.7185999606736,0.0247000134550035,20.743299974128604
149.4065461999853,0,1,13.359200034756213,0.6405999884009361,13.99980002315715
149.4557397000026,0,0,22.256300027947873,0.023500004317611456,22.279800032265484
149.5040369000053,0,0,18.972699996083975,0.024600012693554163,18.99730000877753
149.55501900002128,0,0,17.098199983593076,0.013999990187585354,17.112199973780662
149.59897709998768,0,0,16.062600014265627,0.0171000137925148,16.07970002805814
149.64476819999982,0,1,21.36610000161454,19.348600006196648,40.71470000781119
149.71177250001347,0,0,22.525899985339493,0.025100016500800848,22.551000001840293
149.75577990000602,0,0,13.30490002874285,0.013199984095990658,13.31810001283884
149.81290650001029,0,0,20.220500009600073,0.0219999928958714,20.242500002495944
149.8537133000209,0,1,21.686699998099357,0.8356000180356205,22.522300016134977
149.90120630001184,0,0,16.46199997048825,0.013700046110898256,16.47570001659915
149.95399350003572,0,0,17.93179998639971,0.01969997538253665,17.951499961782247
150.01600940001663,0,0,26.010099973063916,0.023800006601959467,26.033899979665875
150.06470029999036,0,1,21.968799992464483,19.32920003309846,41.29800002556294
150.11248110001907,0,0,21.953799994662404,0.018600025214254856,21.97240001987666
150.15736599999946,0,0,17.068799992557615,0.013700046110898256,17.082500038668513
150.2074457000126,0,0,19.17779998620972,0.016600009985268116,19.19439999619499
150.2551431999891,0,0,21.60950005054474,0.02069998299703002,21.63020003354177
150.32366270001512,0,1,19.709500018507242,16.617199988104403,36.326700006611645
150.36543549998896,0,0,13.580200029537082,0.031200004741549492,13.611400034278631
150.41552680003224,0,0,18.726399983279407,0.019199971575289965,18.745599954854697
150.46324090001872,0,0,20.067300007212907,0.02819998189806938,20.095499989110976
150.51209219999146,0,0,15.639399993233383,0.014800054486840963,15.654200047720224
150.56000220001442,0,1,19.8759000049904,17.360800004098564,37.23670000908896
150.62095110001974,0,0,18.812700000125915,0.013199984095990658,18.825899984221905
150.66871759999776,0,0,17.574400000739843,0.02440001117065549,17.598800011910498
150.7208408000297,0,0,38.62119995756075,0.02300000051036477,38.64419995807111
150.76477579999482,0,1,13.118600007146597,0.8229000377468765,13.941500044893473
150.81562519998988,0,0,18.17190001020208,0.015199999324977398,18.187100009527057
150.86319599999115,0,0,19.724200014024973,0.01580000389367342,19.740000017918646
150.9270489999908,0,0,19.3678000359796,0.016000005416572094,19.38380004139617
150.97751659998903,0,1,17.271900025662035,1.0145999840460718,18.286500009708107
151.02248630003305,0,0,20.92439995612949,0.02010003663599491,20.944499992765486
151.07195240003057,0,0,21.246699965558946,0.01780001912266016,21.264499984681606
151.11955960001796,0,0,19.427899969741702,0.01810002140700817,19.44599999114871
151.1680081000086,0,0,17.36749999690801,0.021499989088624716,17.388999985996634
151.21283650002442,0,1,13.12700001290068,17.10939995246008,30.23639996536076
151.27872320002643,0,0,19.694499962497503,0.021200045011937618,19.71570000750944
151.32424660003744,0,0,13.954299967736006,0.01650000922381878,13.970799976959825
151.37562840001192,0,0,20.743599976412952,0.022899999748915434,20.766499976161867
151.42647300002864,0,1,19.95139999780804,0.7883000071160495,20.73970000492409
151.4678159999894,0,0,13.403800025116652,0.01479999627918005,13.418600021395832
151.51764040003764,0,0,14.746999950148165,0.015099998563528061,14.762099948711693
151.5857476000092,0,0,19.723700010217726,0.014499993994832039,19.73820000421256
151.6303996000206,0,1,13.69140000315383,0.7305999752134085,14.42199997836724
151.67523580003763,0,0,14.811099972575903,0.015700003132224083,14.826799975708127
151.72738120000577,0,0,20.54420002968982,0.025999965146183968,20.570199994836003
151.7749111999874,0,0,18.822700018063188,0.014299992471933365,18.83700001053512
151.82307630003197,0,0,18.24740000301972,0.017799960914999247,18.26519996393472
151.88854140002513,0,1,16.926899959798902,17.354900017380714,34.28179997717962
151.93207510001957,0,0,17.382899997755885,0.018799968529492617,17.401699966285378
151.98425809998298,0,0,20.45080001698807,0.019400031305849552,20.47020004829392
152.0316738000256,0,0,13.99209996452555,0.01650000922381878,14.00859997374937
152.0810856000171,0,0,18.80459999665618,0.02069998299703002,18.82529997965321
152.1270542999846,0,1,20.705000031739473,16.560700023546815,37.26570005528629
152.19144600001164,0,0,20.501999999396503,0.027399975806474686,20.529399975202978
152.23504260001937,0,0,12.71360000828281,0.015600002370774746,12.729200010653585
152.29046049999306,0,0,22.633799992036074,0.02080004196614027,22.654600034002215
152.33209959999658,0,1,14.070100034587085,0.9530999814160168,15.023200016003102
152.38314749998972,0,0,17.093900009058416,0.01290004001930356,17.10680004907772
152.4326864000177,0,0,15.552999975625426,0.016000005416572094,15.568999981041998
152.4945558999898,0,0,22.954000043682754,0.025399960577487946,22.979400004260242
152.54348590003792,0,1,21.679400000721216,0.8139999699778855,22.4933999706991
152.59055670001544,0,0,22.214099997654557,0.015500001609325409,22.229599999263883
152.63840789999813,0,0,15.59550000820309,0.016300007700920105,15.61180001590401
152.68763080000645,0,0,20.22399997804314,0.01580000389367342,20.239799981936812
152.73637890000828,0,0,16.60849998006597,0.018200022168457508,16.62670000223443
152.80265620001592,0,1,20.412400015629828,1.075299980584532,21.48769999621436
152.84989790001418,0,0,14.917100023012608,0.0173999578692019,14.93449998088181
152.89109109999845,0,0,13.405900041107088,0.019099970813840628,13.425000011920929
152.94245600001886,0,0,18.440999963786453,0.01390004763379693,18.45490001142025
152.9932495999965,0,0,16.42190001439303,0.015300000086426735,16.43720001447946
153.04071700002532,0,1,21.00149996113032,0.7823000196367502,21.78379998076707
153.1036297000246,0,0,23.523100011516362,0.017799960914999247,23.54089997243136
153.1494757999899,0,0,18.406799994409084,0.015099998563528061,18.421899992972612
153.19929810002213,0,0,18.563999969046563,0.014199991710484028,18.578199960757047
153.24688430002425,0,1,16.736699966713786,0.9516000282019377,17.688299994915724
153.29787690000376,0,0,19.569299998693168,0.01750001683831215,19.58680001553148
153.34245260001626,0,0,20.100399968214333,0.014400051441043615,20.114800019655377
153.40737070003524,0,0,20.795999967958778,0.019300030544400215,20.81529999850318
153.45673430000897,0,1,24.06560000963509,0.9469999931752682,25.01260000281036
153.503151300014,0,0,20.276499970350415,0.016400008462369442,20.292899978812784
153.55166100000497,0,0,20.555499999318272,0.015700003132224083,20.571200002450496
153.6001769999857,0,0,20.42250003432855,0.0171000137925148,20.439600048121065
153.64688419998856,0,0,20.88620001450181,0.02440001117065549,20.910600025672466
153.7153699999908,0,1,17.36749999690801,17.692600027658045,35.060100024566054
153.7581750000245,0,0,20.43289999710396,0.015900004655122757,20.448800001759082
153.80793860001722,0,0,20.94989997567609,0.016300007700920105,20.96619998337701
153.85525409999536,0,0,21.197699999902397,0.018900027498602867,21.216600027401
153.902295100037,0,0,18.61599995754659,0.015500001609325409,18.631499959155917
153.95186730002752,0,1,23.566799995023757,17.844899964984506,41.411699960008264
154.01345359999686,0,0,20.663400006014854,0.016200006939470768,20.679600012954324
154.06107669998892,0,0,17.61760003864765,0.01839996548369527,17.636000004131347
154.11571159999585,0,0,18.035100016277283,0.017300015315413475,18.052400031592697
154.15506389999064,0,1,16.46390004316345,0.8475999929942191,17.311500036157668
154.2049384000129,0,0,15.927399974316359,0.01650000922381878,15.943899983540177
154.25534430000698,0,0,18.834599992260337,0.020899984519928694,18.855499976780266
154.32123140001204,0,0,19.969600019976497,0.019899976905435324,19.989499996881932
154.36660010000924,0,1,14.495200011879206,17.48440001392737,31.979600025806576
154.4150444000261,0,0,16.41310000559315,0.015099998563528061,16.42820000415668
154.46310490003088,0,0,20.37469996139407,0.02110004425048828,20.39580000564456
154.5132204000256,0,0,17.272199969738722,0.018300022929906845,17.29049999266863
154.55878140003188,0,0,20.123699971009046,0.01610000617802143,20.139799977187067
154.62514509999892,0,1,19.861600012518466,17.0514999772422,36.91309998976067
154.6689759999863,0,0,17.176499997731298,0.016300007700920105,17.19280000543222
154.7151661000098,0,0,13.226100010797381,0.016600009985268116,13.24270002078265
154.76721190003445,0,0,20.464899949729443,0.020600040443241596,20.485499990172684
154.81720889999997,0,0,17.13039999594912,0.016400008462369442,17.14680000441149
154.86071979999542,0,1,14.153600030113012,7.410299964249134,21.563899994362146
154.92290509998566,0,0,12.872000050265342,0.02099998528137803,12.89300003554672
154.97766820003744,0,0,19.30519996676594,0.015700003132224083,19.320899969898164
155.0219906999846,0,0,14.140200044494122,0.015199999324977398,14.1554000438191
155.06752899999265,0,1,13.399100047536194,0.7733999518677592,14.172499999403954
155.1174255000078,0,0,19.83730000210926,0.015900004655122757,19.853200006764382
155.1672759000212,0,0,19.873799988999963,0.017700018361210823,19.891500007361174
155.22962779999943,0,0,18.05910002440214,0.012999982573091984,18.072100006975234
155.27951830002712,0,1,14.368999982252717,0.6588000105693936,15.02779999282211
155.32508280000184,0,0,15.177100023720413,0.01379998866468668,15.1909000123851
155.37775550002698,0,0,18.57329998165369,0.015500001609325409,18.588799983263016
155.42287830001442,0,0,19.797699991613626,0.02039998071268201,19.81809997232631
155.47152439999627,0,0,18.224600004032254,0.01880002673715353,18.243400030769408
155.53426809998928,0,1,13.987800048198551,16.498099954333156,30.485900002531707
155.58125960000325,0,0,14.941000030376017,0.01639995025470853,14.957399980630726
155.62818100000732,0,0,14.630299992859364,0.01610000617802143,14.646399999037385
155.6772618999821,0,0,20.270200038794428,0.01580000389367342,20.2860000426881
155.72666970000137,0,0,16.426799993496388,0.01379998866468668,16.440599982161075
155.7789087999845,0,1,19.57640005275607,1.0833999840542674,20.65980003681034
155.83927639998728,0,0,19.95280000846833,0.023300002794712782,19.976100011263043
155.88741219998337,0,0,19.494000007398427,0.016600009985268116,19.510600017383695
155.9378968999954,0,0,18.707800016272813,0.013399985618889332,18.721200001891702
155.98321560001932,0,1,20.920599985402077,0.9602000354789197,21.880800020880997
156.02953160001198,0,0,20.77940001618117,0.018899969290941954,20.798299985472113
156.0795761999907,0,0,19.180000002961606,0.013999990187585354,19.19399999314919
156.12714110000525,0,0,20.831100002396852,0.026500027161091566,20.857600029557943
156.19578419998288,0,1,20.971600024495274,0.6310000317171216,21.602600056212395
156.2352549000061,0,0,13.689599989447743,0.013599987141788006,13.70319997658953
156.28490700002294,0,0,19.712999986950308,0.026300025638192892,19.7393000125885
156.3344231999945,0,0,17.833099991548806,0.017000013031065464,17.850100004579872
156.37932140001794,0,0,14.040699985343963,0.01479999627918005,14.055499981623143
156.43092120002257,0,1,20.257399999536574,17.8456999710761,38.103099970612675
156.49282049998874,0,0,22.453300014603883,0.017900019884109497,22.471200034487993
156.53917240002193,0,0,15.432099986355752,0.017900019884109497,15.450000006239861
156.59033800003817,0,0,15.175199951045215,0.015700003132224083,15.19089995417744
156.63915160001488,0,1,23.59609998529777,0.7830000249668956,24.379100010264665
156.6863425000338,0,0,22.21389999613166,0.020299979951232672,22.23419997608289
156.73399229999632,0,0,19.806900003459305,0.01650000922381878,19.823400012683123
156.79670519998763,0,0,16.6251000482589,0.018199963960796595,16.643300012219697
156.8471600000048,0,1,20.934500033035874,0.9129999671131372,21.84750000014901
156.89560839999467,0,0,23.16350000910461,0.025100016500800848,23.18860002560541
156.94219600001816,0,0,18.060999980662018,0.015300000086426735,18.076299980748445
156.99364649999188,0,0,21.46260003792122,0.02139998832717538,21.484000026248395
157.03857710002922,0,0,17.422600009012967,0.01769996015354991,17.440299969166517
157.1066545000067,0,1,16.27830002689734,1.0898999753408134,17.368200002238154
157.14918280002894,0,0,16.037599998526275,0.012999982573091984,16.050599981099367
157.19868169998517,0,0,20.977800013497472,0.02340000355616212,21.001200017053634
157.24621990002925,0,0,16.456799989100546,0.014599994756281376,16.471399983856827
157.29507240001112,0,0,14.423999993596226,0.01279998105019331,14.43679997464642
157.34434539999347,0,1,37.19000000273809,17.430100007914007,54.620100010652095
157.40499060001457,0,0,20.841500023379922,0.020499981474131346,20.862000004854053
157.45150630001444,0,0,17.3064999980852,0.036299985367804766,17.342799983453006
157.50502390001202,0,0,21.36620000237599,0.026699970476329327,21.39289997285232
157.55084730003728,0,1,24.303499958477914,1.127100025769323,25.430599984247237
157.60081199998967,0,0,25.27610003016889,0.012899981811642647,25.289000011980534
157.64734650001628,0,0,17.851400014478713,0.016400008462369442,17.867800022941083
157.71208989998559,0,0,18.90399999683723,0.01580000389367342,18.919800000730902
157.76060460001463,0,1,17.978899995796382,0.7653000066056848,18.744200002402067
157.81036880001193,0,0,18.827599997166544,0.012599979527294636,18.84019997669384
157.85428179998416,0,0,17.50660000834614,0.014899997040629387,17.52150000538677
157.90046380000422,0,0,19.45940003497526,0.015300000086426735,19.474700035061687
157.94943330000388,0,0,20.098500011954457,0.015600002370774746,20.11410001432523
158.01945730001898,0,1,19.97209998080507,1.31870002951473,21.2908000103198
158.06241559999762,0,0,16.56160003039986,0.01309998333454132,16.5747000137344
158.11212350003188,0,0,28.0345999635756,0.02139998832717538,28.055999951902777
158.15741650003474,0,0,22.156299964990467,0.02139998832717538,22.177699953317642
158.21110429998953,0,0,20.14820004114881,0.02099998528137803,20.16920002643019
158.25539639999624,0,1,20.79119998961687,17.45159999700263,38.2427999866195
158.31950650003273,0,0,21.25499997055158,0.019700033590197563,21.274700004141778
158.3681646999903,0,0,19.329800037667155,0.015500001609325409,19.34530003927648
158.4177574000205,0,0,18.85059999767691,0.01969997538253665,18.870299973059446
158.46411350002745,0,1,21.770299994386733,1.193900010548532,22.964200004935265
158.5113014000235,0,0,24.29380000103265,0.019899976905435324,24.313699977938086
158.55949379998492,0,0,19.151600019540638,0.014999997802078724,19.166600017342716
158.62522859999444,0,0,19.224699994083494,0.015600002370774746,19.24029999645427
158.67116389999865,0,1,19.728299987036735,16.503000049851835,36.23130003688857
158.7164408999961,0,0,17.267699993681163,0.02180004958063364,17.289500043261796
158.76928070001304,0,0,22.519599995575845,0.019300030544400215,22.538900026120245
158.81410519999918,0,0,17.840499989688396,0.014999997802078724,17.855499987490475
158.8602353000315,0,0,32.19979995628819,0.04640000406652689,32.246199960354716
158.92510739999125,0,1,15.763600007630885,0.7872999995015562,16.55090000713244
158.97312909999164,0,0,16.666100011207163,0.014299992471933365,16.680400003679097
159.02527129999362,0,0,21.328000002540648,0.015500001609325409,21.343500004149973
159.07162990001962,0,0,33.80699997069314,0.017400016076862812,33.824399986770004
159.12048879999202,0,0,21.66420000139624,0.029699993319809437,21.69389999471605
159.16739550000057,0,1,22.823500039521605,0.9821999701671302,23.805700009688735
159.2320224000141,0,0,21.487299993168563,0.015500001609325409,21.502799994777888
159.27948969998397,0,0,23.12630001688376,0.024600012693554163,23.150900029577315
159.32431410002755,0,0,19.64159996714443,0.018900027498602867,19.660499994643033
159.37247090000892,0,1,17.881800013128668,0.9058999712578952,18.787699984386563
159.42160760000115,0,0,19.94249998824671,0.015199999324977398,19.957699987571687
159.47059969999827,0,0,20.979900029487908,0.020499981474131346,21.00040001096204
159.53203440003563,0,0,14.4766999874264,0.020299979951232672,14.496999967377633
159.5859907999984,0,1,19.642300030682236,16.55259996186942,36.194899992551655
159.62931620003656,0,0,20.61799995135516,0.01810002140700817,20.636099972762167
159.68015830003424,0,0,22.232399962376803,0.01610000617802143,22.248499968554825
159.72462610004004,0,0,16.521799960173666,0.01309998333454132,16.534899943508208
159.77355700003682,0,0,16.631599981337786,0.013499986380338669,16.645099967718124
159.8388528000214,0,1,21.623599983286113,16.85760001419112,38.48119999747723
159.88600870000664,0,0,16.003600030671805,0.014699995517730713,16.018300026189536
159.93165859999135,0,0,15.606100030709058,0.015400000847876072,15.621500031556934
159.98321119998582,0,0,20.168400020338595,0.020199979189783335,20.18859999952838
160.0330907999887,0,0,19.154900044668466,0.01729995710775256,19.17220000177622
160.07919270003913,0,1,20.5450999783352,16.953399986959994,37.498499965295196
160.14163160003955,0,0,19.57499998388812,0.01580000389367342,19.590799987781793
160.1878842000151,0,0,22.879700001794845,0.015400000847876072,22.89510000264272
160.23836100002518,0,0,19.436299975495785,0.016400008462369442,19.452699983958155
160.28847690002294,0,1,21.4385999715887,1.0801000171341002,22.5186999887228
160.33483980002347,0,0,19.054599979426712,0.020299979951232672,19.074899959377944
160.38168659998337,0,0,19.767100049648434,0.016599951777607203,19.78370000142604
160.44583290000446,0,0,23.06400000816211,0.014699995517730713,23.07870000367984
160.4973989999853,0,1,17.80730002792552,16.842000011820346,34.64930003974587
160.53900809999323,0,0,13.613599992822856,0.01290004001930356,13.62650003284216
160.5915816000197,0,0,17.51380000496283,0.013499986380338669,17.52729999134317
160.63719229999697,0,0,20.22700000088662,0.01290004001930356,20.239900040905923
160.6877043999848,0,0,19.681000034324825,0.01409999094903469,19.69510002527386
160.7499651000253,0,1,15.664200007449836,17.209499957971275,32.87369996542111
160.79946439998457,0,0,23.39300001040101,0.024200009647756815,23.417200020048767
160.8482740999898,0,0,23.01970002008602,0.019899976905435324,23.039599996991456
160.89458329998888,0,0,20.428000018000603,0.021899992134422064,20.449900010135025
160.94255249999696,0,0,15.976299997419119,0.019000028260052204,15.995300025679171
160.9902574000298,0,1,22.38559996476397,17.32770004309714,39.71330000786111
161.0553615000099,0,0,21.164199977647513,0.020900042727589607,21.185100020375103
161.10618400003295,0,0,19.527199969161302,0.017700018361210823,19.544899987522513
161.14930849999655,0,0,13.235400023404509,0.015900004655122757,13.251300028059632
161.19957850000355,0,1,18.257400020956993,0.7160999812185764,18.97350000217557
161.2445946999942,0,0,15.06060000974685,0.013599987141788006,15.074199996888638
161.29524539998965,0,0,17.806800024118274,0.014699995517730713,17.821500019636005
161.34251079999376,0,0,16.79090003017336,0.02099998528137803,16.81190001545474
161.41064539999934,0,1,19.86689999466762,0.6600000197067857,20.526900014374405
161.45166379999137,0,0,14.0308000263758,0.014399993233382702,14.045200019609183
161.5029213000089,0,0,19.952500006183982,0.020499981474131346,19.972999987658113
161.5519476000336,0,0,16.18079998297617,0.017200014553964138,16.197999997530133
161.59972210001433,0,0,20.45810001436621,0.016700010746717453,20.474800025112927
161.64972149999812,0,1,20.33949998440221,0.8363000233657658,21.175800007767975
161.70906940003624,0,0,22.156099963467568,0.017300015315413475,22.17339997878298
161.7571181000094,0,0,17.141300020739436,0.023600005079060793,17.164900025818497
161.80754160002107,0,0,20.143300003837794,0.01999997766688466,20.16329998150468
161.85381380002946,0,1,16.93629997316748,0.6640999927185476,17.600399965886027
161.90097319998313,0,0,19.662800012156367,0.016700010746717453,19.679500022903085
161.95702179998625,0,0,19.22970003215596,0.016900012269616127,19.246600044425577
162.01527010003338,0,0,19.517399952746928,0.037100049667060375,19.554500002413988
162.06512909999583,0,1,17.315800010692328,17.15249998960644,34.46830000029877
162.10776839999016,0,0,15.277300029993057,0.015900004655122757,15.29320003464818
162.1601921999827,0,0,21.42690005712211,0.01639995025470853,21.44330000737682
162.20803420001175,0,0,21.474800014402717,0.021499989088624716,21.496300003491342
162.25449860002846,0,0,20.839900011196733,0.01599994720891118,20.855899958405644
162.32210170000326,0,1,17.783000017516315,17.397899995557964,35.18090001307428
162.3658540000324,0,0,17.33189995866269,0.015400000847876072,17.347299959510565
162.4144765000092,0,0,15.860099985729903,0.013599987141788006,15.873699972871691
162.4617414000095,0,0,21.023000008426607,0.02619996666908264,21.04919997509569
162.51150630001212,0,0,17.83089997479692,0.017400016076862812,17.848299990873784
162.559590400022,0,1,35.31399997882545,0.7215000223368406,36.03550000116229
162.62370769999688,0,0,18.23859999421984,0.016300007700920105,18.25490000192076
162.66872280003736,0,0,13.20709998253733,0.01379998866468668,13.220899971202016
162.7168054000358,0,0,13.608799956273288,0.015199999324977398,13.623999955598265
162.76338820002275,0,1,13.189399964176118,0.7546000415459275,13.944000005722046
162.81822170002852,0,0,31.849699968006462,0.015600002370774746,31.865299970377237
162.85965990001569,0,0,24.468999996315688,0.013599987141788006,24.482599983457476
162.9237942000036,0,0,14.492799993604422,0.019700033590197563,14.51250002719462
162.9734309000196,0,1,29.558399983216077,1.0080999927595258,30.566499975975603
163.02006920002168,0,0,22.36639999318868,0.01379998866468668,22.380199981853366
163.07304819999263,0,0,43.645900033880025,0.014199991710484028,43.66010002559051
163.11951520002913,0,0,12.607999960891902,0.014399993233382702,12.622399954125285
163.16473319998477,0,0,31.3626000424847,0.015300000086426735,31.377900042571127
163.23775850003585,0,1,35.824299964588135,16.839099989738315,52.66339995432645
163.29300740000326,0,0,19.291200034786016,0.014699995517730713,19.305900030303746
163.32343370001763,0,0,26.06760000344366,0.015500001609325409,26.083100005052984
163.37318230001256,0,0,16.208300017751753,0.012699980288743973,16.220999998040497
163.42625459999545,0,0,22.02100004069507,0.0173999578692019,22.038399998564273
163.4693345000269,0,1,17.337400000542402,1.3156000059098005,18.653000006452203
163.53599730000133,0,0,19.59560002433136,0.017599959392100573,19.61319998372346
163.5830887000193,0,0,20.658499968703836,0.020600040443241596,20.679100009147078
163.63047610002104,0,0,16.981699969619513,0.018300022929906845,16.99999999254942
163.67785380000714,0,1,22.871900000609457,0.9114000131376088,23.783300013747066
163.72601640003268,0,0,17.098799988161772,0.013699987903237343,17.11249997606501
163.77122270001564,0,0,13.536499987822026,0.019600032828748226,13.556100020650774
163.8366412000032,0,0,21.085300017148256,0.015400000847876072,21.100700017996132
163.8873097000178,0,1,17.938599979970604,0.7129000150598586,18.651499995030463
163.93140430003405,0,0,15.179799986071885,0.01899997005239129,15.198799956124276
163.981203000003,0,0,15.969200001563877,0.01580000389367342,15.98500000545755
164.03113130002748,0,0,25.57110000634566,0.032699957955628633,25.603799964301288
164.07838080002693,0,0,20.73059999383986,0.0247000134550035,20.755300007294863
164.14210629998706,0,1,19.407000043429434,1.010799955110997,20.41779999854043
164.18966670002555,0,0,30.468099983409047,0.025200017262250185,30.493300000671297
164.23541720001958,0,0,24.070499988738447,0.01880002673715353,24.0893000154756
164.28525970003102,0,0,24.746799957938492,0.022599997464567423,24.76939995540306
164.33731350000016,0,0,21.257699991110712,0.020200037397444248,21.277900028508157
164.38345770002343,0,1,18.15249997889623,0.9044000180438161,19.056899996940047
164.45064270001603,0,0,20.944299991242588,0.01650000922381878,20.960800000466406
164.49179160001222,0,0,18.032199994195253,0.014199991710484028,18.046399985905737
164.5462874000077,0,0,15.543900022748858,0.013899989426136017,15.557800012174994
164.591425599996,0,1,20.62830002978444,1.0329000069759786,21.66120003676042
164.63933879998513,0,0,22.102100017946213,0.020799983758479357,22.122900001704693
164.68703909998294,0,0,22.29220001026988,0.02300000051036477,22.315200010780245
164.7504740000004,0,0,21.46540000103414,0.021799991372972727,21.487199992407113
164.8021318000392,0,1,17.613999953027815,7.065100013278425,24.67909996630624
164.844610500033,0,0,13.769699959084392,0.020400038920342922,13.790099998004735
164.89254219998838,0,0,15.913500043097883,0.016799953300505877,15.93029999639839
164.94378100003814,0,0,19.388799963053316,0.027200032491236925,19.415999995544553
164.9915670999908,0,0,18.18960002856329,0.01580000389367342,18.205400032456964
165.05863240000326,0,1,18.94209999591112,16.80750004015863,35.74960003606975
165.10145880002528,0,0,17.175199987832457,0.024800014216452837,17.20000000204891
165.14810099999886,0,0,14.717200014274567,0.019599974621087313,14.736799988895655
165.19901969999773,0,0,17.111800028942525,0.020899984519928694,17.132700013462454
165.24815800000215,0,0,14.504100021440536,0.013199984095990658,14.517300005536526
165.2951423000195,0,1,20.293799985665828,16.929299978073686,37.223099963739514
165.35743700002786,0,0,18.583299999590963,0.012399978004395962,18.59569997759536
165.40659379999852,0,0,19.094499992206693,0.015099998563528061,19.10959999077022
165.45746030000737,0,0,22.498600010294467,0.02269999822601676,22.521300008520484
165.50330720003694,0,1,22.10079994983971,0.8274000138044357,22.928199963644147
165.55126470001414,0,0,21.250099991448224,0.01650000922381878,21.266600000672042
165.5994525999995,0,0,19.13650002097711,0.12179999612271786,19.258300017099828
165.66608799999813,0,0,21.684999985154718,0.027100031729787588,21.712100016884506
165.71241370000644,0,1,14.307399978861213,0.8518000249750912,15.159200003836304
165.7603165000328,0,0,24.31309997336939,0.01999997766688466,24.333099951036274
165.80721350002568,0,0,19.0133000141941,0.013599987141788006,19.02690000133589
165.85380700003589,0,0,17.583999957423657,0.01680001150816679,17.600799968931824
165.901442900009,0,0,21.498800022527575,0.01829996472224593,21.51709998724982
165.97088440001244,0,1,22.34720002161339,18.22359999641776,40.57080001803115
166.01508199999807,0,0,21.585200040135533,0.015799945686012506,21.600999985821545
166.06516689999262,0,0,19.951900001615286,0.10609999299049377,20.05799999460578
166.11161960003665,0,0,18.128399970009923,0.015700003132224083,18.144099973142147
166.16174790001241,0,0,18.17940000910312,0.015300000086426735,18.194700009189546
166.20773090003058,0,1,20.654599997214973,17.36299996264279,38.01759995985776
166.25383519998286,0,0,17.720400006510317,0.015300000086426735,17.735700006596744
166.31799619999947,0,0,15.116200025659055,0.014699995517730713,15.130900021176785
166.36638120003045,0,0,17.298499995376915,0.029999995604157448,17.328499990981072
166.41293640004005,0,1,17.597899946849793,1.6569000435993075,19.2547999904491
166.46321800001897,0,0,17.018500017002225,0.01479999627918005,17.033300013281405
166.50739779998548,0,0,13.480500027071685,0.0295999925583601,13.510100019630045
166.55858310003532,0,0,18.425699963700026,0.015900004655122757,18.44159996835515
166.6263948000269,0,1,19.137099967338145,0.5471000331453979,19.684200000483543
166.6680151000037,0,0,19.34820000315085,0.02099998528137803,19.36919998843223
166.71953539998503,0,0,23.229300044476986,0.026899971999228,23.256200016476214
166.76664909999818,0,0,30.371100001502782,0.015400000847876072,30.386500002350658
166.81250579998596,0,0,19.777500012423843,0.02139998832717538,19.79890000075102
166.86065220000455,0,1,14.942999987397343,18.285199999809265,33.22819998720661
166.93078410002636,0,0,23.094700009096414,0.01769996015354991,23.112399969249964
166.97166209999705,0,0,12.718199985101819,0.01950003206729889,12.737700017169118
167.02538090001326,0,0,20.937499997671694,0.01379998866468668,20.95129998633638
167.06866380001884,0,1,38.92750001978129,1.2539999443106353,40.18149996409193
167.12025760003598,0,0,22.558099997695535,0.019499973859637976,22.577599971555173
167.16735960001824,0,0,20.692799997050315,0.016300007700920105,20.709100004751235
167.23096459999215,0,0,19.883600005414337,0.018700025975704193,19.90230003139004
167.27973380003823,0,1,19.32129997294396,0.7544999825768173,20.07579995552078
167.32644370000344,0,0,13.345299987122416,0.019200029782950878,13.364500016905367
167.37597759999335,0,0,17.75260001886636,0.013699987903237343,17.766300006769598
167.4233552000369,0,0,17.217099957633764,0.015900004655122757,17.232999962288886
167.4698848000262,0,0,22.48009998584166,0.025200017262250185,22.505300003103912
167.53855400002794,0,1,23.49379996303469,16.810600005555898,40.30439996859059
167.58298790000845,0,0,17.744400014635175,0.013899989426136017,17.75830000406131
167.6312560000224,0,0,19.639400008600205,0.018199963960796595,19.657599972561002
167.67864500003634,0,0,22.240799968130887,0.017200014553964138,22.25799998268485
167.7307209999999,0,0,20.51750000100583,0.016200006939470768,20.5337000079453
167.77458800002933,0,1,18.261099990922958,0.6265999982133508,18.88769998913631
167.8389948999975,0,0,25.15790000325069,0.026900030206888914,25.184800033457577
167.88877890002914,0,0,18.517799966502935,0.016900012269616127,18.53469997877255
167.9326385000022,0,0,13.746600016020238,0.015900004655122757,13.762500020675361
167.9803469000035,0,1,15.538699983153492,0.9104000055231154,16.449099988676608
168.02832470001886,0,0,16.70199999352917,0.022499996703118086,16.72449999023229
168.07755869999528,0,0,29.229800042230636,0.029799994081258774,29.259600036311895
168.14468870003475,0,0,21.83729998068884,0.020099978428333998,21.857399959117174
168.18944260000717,0,1,12.907100026495755,0.6890999502502382,13.596199976745993
168.239542299998,0,0,20.085200027097017,0.015900004655122757,20.10110003175214
168.2860160000273,0,0,19.470700004603714,0.014299992471933365,19.484999997075647
168.3313987000147,0,0,12.838299968279898,0.0149000552482903,12.853200023528188
168.38315469998633,0,0,20.213000010699034,0.0171000137925148,20.23010002449155
168.45020560000557,0,1,19.114600028842688,0.7156999781727791,19.830300007015467
168.49473700003,0,0,21.306299953721464,0.01680001150816679,21.32309996522963
168.54076040000655,0,0,14.082900015637279,0.013899989426136017,14.096800005063415
168.591461300035,0,0,20.950899983290583,0.02269999822601676,20.9735999815166
168.6418444000301,0,0,17.193000006955117,0.014399993233382702,17.2074000001885
168.68307209998602,0,1,13.612100039608777,17.232000012882054,30.84410005249083
168.74890750000486,0,0,18.3926000026986,0.01999997766688466,18.412599980365485
168.79527150001377,0,0,13.290599978063256,0.013700046110898256,13.304300024174154
168.8473809999996,0,0,17.489899997599423,0.016700010746717453,17.50660000834614
168.89601100003347,0,1,16.968299984000623,0.617199984844774,17.585499968845397
168.94309870002326,0,0,17.30489998590201,0.014599994756281376,17.319499980658293
168.99159200000577,0,0,18.73770001111552,0.015900004655122757,18.753600015770644
169.05509520001942,0,0,16.11829997273162,0.013000040780752897,16.131300013512373
169.10650450002868,0,1,22.02969999052584,17.33629999216646,39.3659999826923
169.15119290002622,0,0,17.89469999494031,0.014399993233382702,17.909099988173693
169.19569389999378,0,0,13.620000041555613,0.01699995482340455,13.636999996379018
169.24655209999764,0,0,19.55880003515631,0.1650999765843153,19.723900011740625
169.29539189999923,0,0,14.953000005334616,0.018000020645558834,14.971000025980175
169.35689090000233,0,1,13.760000001639128,16.89349999651313,30.653499998152256
169.40964229998644,0,0,18.135200021788478,0.021099986042827368,18.156300007831305
169.45321130001685,0,0,15.764100011438131,0.012599979527294636,15.776699990965426
169.50258189998567,0,0,17.616800032556057,0.016600009985268116,17.633400042541325
169.55240330001106,0,0,16.167800000403076,0.014599994756281376,16.182399995159358
169.59922690002713,0,1,19.749999977648258,16.630800033453852,36.38080001110211
169.66287549998378,0,0,19.2683000350371,0.016700010746717453,19.285000045783818
169.70758739998564,0,0,14.768300054129213,0.014599994756281376,14.782900048885494
169.76056419999804,0,0,21.460400021169335,0.016200006939470768,21.476600028108805
169.81029510003282,0,1,16.002999967895448,0.6973000126890838,16.700299980584532
169.85258720000274,0,0,19.219000008888543,0.013599987141788006,19.23259999603033
169.90113330003805,0,0,19.909399969037622,0.019300030544400215,19.928699999582022
169.96823629998835,0,0,20.557800016831607,0.014499993994832039,20.57230001082644
170.01784690003842,0,1,18.652999948244542,16.739800048526376,35.39279999677092
170.059188299987,0,0,12.71830004407093,0.013399985618889332,12.731700029689819
170.11276420002105,0,0,21.156499977223575,0.013599987141788006,21.170099964365363
170.155993900029,0,0,17.89769995957613,0.016300007700920105,17.91399996727705
170.20887740002945,0,0,14.411299955099821,0.015600002370774746,14.426899957470596
170.2712218000088,0,1,21.170400024857372,0.8945000008679926,22.064900025725365
170.3154932000325,0,0,13.813300000037998,0.01699995482340455,13.830299954861403
170.36442850000458,0,0,19.76290001766756,0.016400008462369442,19.77930002612993
170.41293540003244,0,0,22.01650000642985,0.020099978428333998,22.036599984858185
170.46442239999305,0,0,16.993199998978525,0.015700003132224083,17.00890000211075
170.50914239999838,0,1,18.464800028596073,0.8498000097461045,19.314600038342178
170.57532450003782,0,0,21.329799958039075,0.01610000617802143,21.345899964217097
170.62532380002085,0,0,15.527600015047938,0.015400000847876072,15.543000015895814
170.6684673000127,0,0,13.050500012468547,0.019199971575289965,13.069699984043837
170.7162560999859,0,1,17.627699999138713,17.77800003765151,35.40570003679022
170.76593450002838,0,0,23.964499996509403,0.02659996971487999,23.991099966224283
170.81465720001142,0,0,22.195100027602166,0.020099978428333998,22.2152000060305
170.87758710002527,0,0,18.248100008349866,0.015700003132224083,18.26380001148209
170.93031680001877,0,1,21.41970000229776,0.8874000050127506,22.30710000731051
170.97459779999917,0,0,18.5232000076212,0.014499993994832039,18.53770000161603
171.02119679999305,0,0,19.895700039342046,0.016000005416572094,19.911700044758618
171.07231329998467,0,0,16.92020002519712,0.014699995517730713,16.93490002071485
171.11921850004,0,0,19.840399967506528,0.014899997040629387,19.855299964547157
171.18408889998682,0,1,15.831500000786036,0.9228000417351723,16.75430004252121
171.23125740000978,0,0,17.209700017701834,0.019799976143985987,17.22949999384582
171.27545980003197,0,0,14.071199984755367,0.01580000389367342,14.08699998864904
171.32606990000932,0,0,17.102800018619746,0.013499986380338669,17.116300005000085
171.376976700034,0,0,30.98329994827509,0.021300045773386955,31.004599994048476
171.4192414000281,0,1,13.088200008496642,17.874399956781417,30.96259996527806
171.4753178000101,0,0,16.785999992862344,0.01610000617802143,16.802099999040365
171.5342369999853,0,0,17.0090000028722,0.015400000847876072,17.024400003720075
171.58680490002735,0,0,14.6011000033468,0.019099970813840628,14.620199974160641
171.63144319999265,0,1,20.214400021359324,1.05050002457574,21.264900045935065
171.68029220000608,0,0,19.366500026080757,0.022099993657320738,19.388600019738078
171.72797270002775,0,0,19.65939998626709,0.018400023691356182,19.677800009958446
171.77535230002832,0,0,22.306600003503263,0.020599982235580683,22.327199985738844
171.84197950002272,0,1,22.183099994435906,16.92139997612685,39.104499970562756
171.88621030002832,0,0,24.40799999749288,0.01680001150816679,24.424800009001046
171.93123690003995,0,0,13.23949999641627,0.020299979951232672,13.259799976367503
171.98265780002112,0,0,21.288099989760667,0.023300002794712782,21.31139999255538
172.02951620001113,0,0,16.479399986565113,0.014699995517730713,16.494099982082844
172.07515960000455,0,1,13.121300027705729,0.6831999635323882,13.804499991238117
172.1433015000075,0,0,20.75570001034066,0.017600017599761486,20.773300027940422
172.19193189998623,0,0,21.74870000453666,0.02150004729628563,21.770200051832944
172.23974109999835,0,0,14.572000014595687,0.02300000051036477,14.595000015106052
172.28720680001425,0,1,20.644099975470454,0.7753000245429575,21.41940000001341
172.3346263000276,0,0,19.663099956233054,0.022500054910779,19.685600011143833
172.38180720002856,0,0,21.38679998461157,0.014599994756281376,21.401399979367852
172.44420379999792,0,0,17.134200024884194,0.018499966245144606,17.15269999112934
172.4948343000142,0,1,19.320899969898164,0.9035000111907721,20.224399981088936
172.53928969998378,0,0,14.325299998745322,0.015900004655122757,14.341200003400445
172.58982420002576,0,0,23.06279999902472,0.024300010409206152,23.087100009433925
172.63991570001235,0,0,34.21140002319589,0.015300000086426735,34.22670002328232
172.68430610001087,0,0,13.471900019794703,0.013899989426136017,13.485800009220839
172.75348980003037,0,1,19.403399957809597,17.639700032304972,37.04309999011457
172.7994703000295,0,0,17.137099988758564,0.012899981811642647,17.149999970570207
172.84462340001483,0,0,25.166100007481873,0.015600002370774746,25.181700009852648
172.89109109999845,0,0,14.768199995160103,0.016600009985268116,14.784800005145371
172.94359370000893,0,0,16.53329998953268,0.014699995517730713,16.54799998505041
172.9886986000347,0,1,25.88489995105192,17.449400038458407,43.33429998951033
173.054920900031,0,0,36.292399978265166,0.014899997040629387,36.307299975305796
173.09964860003674,0,0,13.71969998581335,0.013699987903237343,13.733399973716587
173.15324110002257,0,0,17.754299973603338,0.018300022929906845,17.772599996533245
173.19864449999295,0,1,13.744700001552701,0.671899993903935,14.416599995456636
173.2456780000357,0,0,19.655999960377812,0.02870004391297698,19.68470000429079
173.2926676000352,0,0,19.992099958471954,0.033400021493434906,20.02549997996539
173.35742700000992,0,0,34.86519999569282,0.016400008462369442,34.88160000415519
173.40605029999278,0,1,21.504900010768324,17.400600016117096,38.90550002688542
173.45280920004006,0,0,22.657399997115135,0.025399960577487946,22.682799957692623
173.50068370002555,0,0,13.558899983763695,0.01880002673715353,13.577700010500848
173.55173870001454,0,0,36.189100006595254,0.02069998299703002,36.209799989592284
173.59727349999594,0,0,23.164000012911856,0.016600009985268116,23.180600022897124
173.66323519998696,0,1,14.171300048474222,17.21489999908954,31.38620004756376
173.71036870003445,0,0,20.105100004002452,0.019599974621087313,20.12469997862354
173.75959110003896,0,0,20.614099979866296,0.017600017599761486,20.631699997466058
173.80475850001676,0,0,16.51699998183176,0.014699995517730713,16.53169997734949
173.85508240002673,0,0,19.857499981299043,0.022299995180219412,19.879799976479262
173.90140800003428,0,1,17.7834999631159,0.7168999873101711,18.500399950426072
173.96709980000742,0,0,21.177400019951165,0.01729995710775256,21.194699977058917
174.0178850000375,0,0,18.937199958600104,0.014999997802078724,18.952199956402183
174.0602891999879,0,0,14.704100030940026,0.021599989850074053,14.7257000207901
174.11223820003215,0,1,22.219099977519363,18.28590000513941,40.504999982658774
174.15953780000564,0,0,16.779600002337247,0.014399993233382702,16.79399999557063
174.20814140001312,0,0,20.350900012999773,0.015600002370774746,20.366500015370548
174.27137919998495,0,0,19.13220004644245,0.01729995710775256,19.1495000035502
174.3210138999857,0,1,19.405400031246245,0.9793000062927604,20.384700037539005
174.3652641000226,0,0,19.16889997664839,0.012700038496404886,19.181600015144795
174.4174818000174,0,0,17.615500022657216,0.016099947970360518,17.631599970627576
174.46236509998562,0,0,19.22550000017509,0.017600017599761486,19.24310001777485
174.5100189000368,0,0,16.345499956514686,0.013999990187585354,16.35949994670227
174.57764020003378,0,1,17.144499986898154,17.19109999248758,34.335599979385734
174.62189539999235,0,0,16.46499999333173,0.017600017599761486,16.482600010931492
174.6671778000309,0,0,15.251799952238798,0.01880002673715353,15.270599978975952
174.71955270000035,0,0,21.19310002308339,0.016600009985268116,21.209700033068657
174.7667906000279,0,0,13.389899977482855,0.020599982235580683,13.410499959718436
174.8118449000176,0,1,13.181500020436943,0.948999950196594,14.130499970633537
174.8792915000231,0,0,20.122499961871654,0.019600032828748226,20.142099994700402
174.92699270002777,0,0,18.101699999533594,0.016900012269616127,18.11860001180321
174.975708700018,0,0,14.49309999588877,0.01939997309818864,14.512499968986958
175.02316320000682,0,1,20.8314000046812,16.854399989824742,37.68579999450594
175.06970460002776,0,0,20.540299999993294,0.013999990187585354,20.55429999018088
175.12034279998625,0,0,19.958400051109493,0.01599994720891118,19.974399998318404
175.18292530003237,0,0,20.231999980751425,0.023800006601959467,20.255799987353384
175.23458160000155,0,1,13.798600004520267,1.2541000032797456,15.052700007800013
175.27810250001494,0,0,17.285100009758025,0.015400000847876072,17.3005000106059
175.32557560002897,0,0,17.58639997569844,0.02300000051036477,17.609399976208806
175.37488419999136,0,0,17.55390001926571,0.015400000847876072,17.569300020113587
175.42355370003497,0,0,20.66699997521937,0.026100024115294218,20.693099999334663
175.49062320002122,0,1,22.870799992233515,16.717999998945743,39.58879999117926
175.53339579998283,0,0,13.370200002100319,0.013700046110898256,13.383900048211217
175.58122240001103,0,0,14.60120000410825,0.013399985618889332,14.61459998972714
175.63127170002554,0,0,19.93349997792393,0.025100016500800848,19.95859999442473
175.67785580002237,0,0,13.87809996958822,0.020300038158893585,13.898400007747114
175.7281847000122,0,1,17.41909998236224,0.7242000428959727,18.143300025258213
175.79101839999203,0,0,18.454600009135902,0.016900012269616127,18.471500021405518
175.83795750001445,0,0,20.210999995470047,0.019200029782950878,20.230200025252998
175.88901300000725,0,0,14.493299997411668,0.015700003132224083,14.509000000543892
175.93505279999226,0,1,17.182600044179708,7.013499969616532,24.19610001379624
175.98281060002046,0,0,14.503100013826042,0.014199991710484028,14.517300005536526
176.02943729999242,0,0,17.823300033342093,0.014599994756281376,17.837900028098375
176.0964246999938,0,0,17.79579999856651,0.016600009985268116,17.812400008551776
176.14567470003385,0,1,21.756400004960597,1.2063999893143773,22.962799994274974
176.18817929999204,0,0,12.565999990329146,0.013500044587999582,12.579500034917146
176.23940329998732,0,0,16.634800005704165,0.015700003132224083,16.65050000883639
176.2854975000373,0,0,14.156199991703033,0.031000003218650818,14.187199994921684
176.3313917000196,0,0,14.078899985179305,0.01680001150816679,14.095699996687472
176.3854766000295,0,1,23.767600010614842,0.7780999876558781,24.54569999827072
176.44768420001492,0,0,20.40340000530705,0.017900019884109497,20.421300025191158
176.49321809998946,0,0,19.601200008764863,0.015199999324977398,19.61640000808984
176.5420094000292,0,0,14.352399972267449,0.013899989426136017,14.366299961693585
176.59578860003967,0,1,15.746999997645617,0.8243999909609556,16.571399988606572
176.63789549999638,0,0,15.755600004922599,0.016900012269616127,15.772500017192215
176.68700420000823,0,0,18.94670003093779,0.013499986380338669,18.96020001731813
176.75329999998212,0,0,17.38980005029589,0.013999990187585354,17.403800040483475
176.8021191000007,0,1,15.976900001987815,16.945899988058954,32.92279999004677
176.84556560002966,0,0,16.18209999287501,0.01279998105019331,16.194899973925203
176.89279300003545,0,0,22.329700004775077,0.0241999514400959,22.353899956215173
176.94325780001236,0,0,20.788799971342087,0.017700018361210823,20.806499989703298
176.99300180003047,0,0,20.123799971770495,0.021199986804276705,20.144999958574772
177.05667650001124,0,1,22.318499977700412,17.439500021282583,39.757999998982996
177.10269560001325,0,0,21.0609000059776,0.024500011932104826,21.085400017909706
177.1516817000229,0,0,20.528599969111383,0.019200029782950878,20.547799998894334
177.19999059999827,0,0,19.30960000026971,0.017000013031065464,19.326600013300776
177.24903230002383,0,0,19.73639999050647,0.014399993233382702,19.750799983739853
177.29481980000855,0,1,20.040699979290366,20.279699994716793,40.32039997400716
177.35812980000628,0,0,17.921900027431548,0.012999982573091984,17.93490001000464
177.41004719998455,0,0,15.759600035380572,0.014299992471933365,15.773900027852505
177.45735350000905,0,0,16.768000030424446,0.015300000086426735,16.783300030510873
177.5024274000316,0,1,21.208299964200705,0.8929999894462526,22.101299953646958
177.55154180002864,0,0,20.52759996149689,0.020400038920342922,20.548000000417233
177.5999715999933,0,0,22.661800030618906,0.018499966245144606,22.68029999686405
177.66289820004022,0,0,22.246799955610186,0.025900022592395544,22.27269997820258
177.71355550002772,0,1,21.575699967797846,16.876700043212622,38.45240001101047
177.755671299994,0,0,16.07100002001971,0.016900012269616127,16.087900032289326
177.8078600000008,0,0,20.993800018914044,0.01839996548369527,21.01219998439774
177.8541200000327,0,0,14.085299975704402,0.013199984095990658,14.098499959800392
177.90292610001052,0,0,19.11100000143051,0.016300007700920105,19.12730000913143
177.97037900000578,0,1,20.80599998589605,0.9342000121250749,21.740199998021126
178.01602340000682,0,0,21.359800011850893,0.02629996743053198,21.386099979281425
178.059096699988,0,0,14.007900026626885,0.023600005079060793,14.031500031705946
178.1114966000314,0,0,18.54939997429028,0.01780001912266016,18.56719999341294
178.15877119998913,1,0,23.973400006070733,0.17180002760142088,24.145200033672154
178.20476150000468,2,1,38.414200011175126,18.413799989502877,56.828000000678
178.27273500000592,2,0,35.163499996997416,0.215300009585917,35.37880000658333
178.3165752000059,1,0,30.868100002408028,0.16190001042559743,31.030000012833625
178.36653100000694,1,0,34.31499999715015,0.23519998649135232,34.550199983641505
178.4140158999944,1,1,36.35020001092926,1.2598999892361462,37.6101000001654
178.46144650003407,1,1,24.69239995116368,1.0365000343881547,25.728899985551834
178.50933050003368,1,0,30.635899980552495,0.15159999020397663,30.78749997075647
178.57557119999547,1,0,30.99220001604408,0.16150000737980008,31.15370002342388
178.6215419000364,1,0,26.262399973347783,0.13419997412711382,26.396599947474897
178.66985260002548,1,1,23.577299958560616,17.8654000046663,41.442699963226914
178.7169598999899,1,0,29.468099994119257,0.258800049778074,29.72690004389733
178.76668070000596,1,0,35.73790000518784,0.17900002421811223,35.91690002940595
178.8120945999981,1,1,29.008999990765005,1.0157999931834638,30.02479998394847
178.88272709999,1,0,32.87440002895892,0.14059996465221047,33.01499999361113
178.92314830003306,1,0,23.06999999564141,0.14979997649788857,23.2197999721393
178.9741716000135,1,0,25.75500000966713,0.15839998377487063,25.913399993442
179.02100920001976,0,0,31.556300004012883,0.005099980626255274,31.561399984639138
179.0731432000175,0,0,20.976100000552833,0.005099980626255274,20.98119998117909
179.1195175999892,0,0,19.071600050665438,0.006099988240748644,19.077700038906187
179.18259109999053,0,1,21.850300021469593,18.141300010029227,39.99160003149882
179.2309381000232,0,0,20.836099982261658,0.020599982235580683,20.85669996449724
179.2815552999964,0,0,18.646800017450005,0.01580000389367342,18.66260002134368
179.32623599999351,0,0,18.638100009411573,0.014199991710484028,18.652300001122057
179.37267910002265,0,0,13.173200015444309,0.014999997802078724,13.188200013246387
179.42166839999845,0,1,16.167699999641627,17.620200000237674,33.7878999998793
179.48922490002587,0,0,19.634899974334985,0.015099998563528061,19.649999972898513
179.53211140003987,0,0,12.989999959245324,0.01479999627918005,13.004799955524504
179.58280099998228,0,0,19.965500046964735,0.023800006601959467,19.989300053566694
179.6303062000079,0,1,18.48169998265803,1.1088000028394163,19.590499985497445
179.67877130000852,0,0,19.789399986620992,0.019300030544400215,19.808700017165393
179.72668760002125,0,0,19.61019996087998,0.02500001573935151,19.635199976619333
179.7919623000198,0,0,19.980299985036254,0.014899997040629387,19.995199982076883
179.8372472000192,0,1,18.70089996373281,0.8866999996826053,19.587599963415414
179.88418029999593,0,0,13.132199994288385,0.025300018023699522,13.157500012312084
179.93122810003115,0,0,13.549899973440915,0.015600002370774746,13.56549997581169
179.98021010000957,0,0,34.724899975117296,0.01810002140700817,34.742999996524304
180.02719930000603,0,0,21.891099982894957,0.027200032491236925,21.918300015386194
180.0911687000189,0,1,16.671799996402115,0.7931999862194061,17.46499998262152
180.1393034000066,0,0,19.93519999086857,0.015199999324977398,19.950399990193546
180.18795679998584,0,0,14.157900004647672,0.019000028260052204,14.176900032907724
180.23656550003216,0,0,13.342199963517487,0.01409999094903469,13.356299954466522
180.28423759998986,0,0,12.782200006768107,0.016000005416572094,12.79820001218468
180.33412090002093,0,1,18.83129996713251,17.236300045624375,36.067600012756884
180.39722520002397,0,0,17.226999974809587,0.0171000137925148,17.244099988602102
180.44682830001693,0,0,19.4591999752447,0.02600002335384488,19.485199998598546
180.49268359999405,0,0,19.05780000379309,0.01810002140700817,19.0759000252001
180.54230219998863,0,1,22.725999995600432,0.9280000231228769,23.65400001872331
180.58965239999816,0,0,23.581699992064387,0.026100024115294218,23.60780001617968
180.63759860000573,0,0,15.710800013039261,0.01379998866468668,15.724600001703948
180.70643220003694,0,0,16.084999951999635,0.016300007700920105,16.101299959700555
180.7503087000223,0,1,24.562500009778887,1.1258999584242702,25.688399968203157
180.79773380002007,0,0,23.718699987512082,0.01999997766688466,23.738699965178967
180.84534950001398,0,0,19.27569997496903,0.022099993657320738,19.29779996862635
180.8968550999998,0,0,23.84799998253584,0.022899999748915434,23.870899982284755
180.94328220002353,0,0,23.320999986026436,0.06280001252889633,23.383799998555332
181.00530289998278,0,1,22.882500023115426,1.087700016796589,23.970200039912015
181.05361000000266,0,0,22.463600034825504,0.024399952962994576,22.4879999877885
181.1019633000251,0,0,14.377099985722452,0.02859998494386673,14.40569997066632
181.14988730003824,0,0,18.599499948322773,0.01850002445280552,18.61799997277558
181.19891099998495,0,0,19.25650000339374,0.019900035113096237,19.276400038506836
181.246494800027,0,1,20.97680000588298,17.855499987490475,38.832299993373454
181.3091909000068,0,0,22.13080000365153,0.01910002902150154,22.14990003267303
181.36067960003857,0,0,15.437899972312152,0.01580000389367342,15.453699976205826
181.40550320001785,0,0,21.549099998082966,0.01810002140700817,21.567200019489974
181.45444470003713,0,1,17.308299953583628,0.8643000037409365,18.172599957324564
181.5040519000031,0,0,17.50070002162829,0.022199994418770075,17.52290001604706
181.55094310001004,0,0,35.363700008019805,0.021899992134422064,35.38560000015423
181.6001191000105,0,0,14.480200014077127,0.01409999094903469,14.494300005026162
181.66105880000396,0,1,29.00969999609515,17.09490001667291,46.10460001276806
181.71033919998445,0,0,17.879300052300096,0.020499981474131346,17.899800033774227
181.75809519999893,0,0,19.752299995161593,0.013300043065100908,19.765600038226694
181.81009260000428,0,0,21.174699999392033,0.017000013031065464,21.191700012423098
181.853716099984,0,0,16.012200037948787,0.014699995517730713,16.026900033466518
181.90360110002803,1,1,29.653900011908263,16.832099994644523,46.486000006552786
181.96530939999502,1,0,36.165099998470396,0.18510001245886087,36.35020001092926
182.01364070002455,1,0,26.131699967663735,0.17330003902316093,26.305000006686896
182.06024610000895,1,1,28.68689998285845,0.8024999988265336,29.489399981684983
182.10772189998534,1,0,35.0604000268504,0.24339999072253704,35.30380001757294
182.15639379998902,1,0,30.880500038620085,0.15390000771731138,31.034400046337396
182.2033911999897,1,0,38.467600010335445,0.1469000126235187,38.614500022958964
182.27019599999767,1,1,25.35910002188757,0.8107000030577183,26.16980002494529
182.3171069000382,1,0,27.952299977187067,0.22789998911321163,28.18019996630028
182.3631255000364,1,1,25.93859995249659,0.8052000193856657,26.743799971882254
182.41243389999727,0,0,37.14430000400171,0.005999987479299307,37.150299991481006
182.4614304000279,0,0,15.043499995954335,0.004599976819008589,15.048099972773343
182.51071709999815,0,0,22.817299992311746,0.006799993570894003,22.82409998588264
182.57425050000893,0,1,21.89390000421554,0.8820000221021473,22.775900026317686
182.61942230002023,0,0,16.99410000583157,0.0171000137925148,17.011200019624084
182.67174920003163,0,0,18.29189999261871,0.016300007700920105,18.30820000031963
182.71994819998508,0,0,21.8802000163123,0.01610000617802143,21.896300022490323
182.76899220002815,0,0,27.15759997954592,0.015300000086426735,27.172899979632348
182.8114762000041,0,1,16.26659999601543,0.7999000372365117,17.06650003325194
182.87605570000596,0,0,17.433500033803284,0.022499996703118086,17.456000030506402
182.9266803000355,0,0,25.509500002954155,0.019799976143985987,25.52929997909814
182.973630100023,0,0,24.476799997501075,0.02819998189806938,24.504999979399145
183.02144460001728,0,1,25.986799970269203,1.3872000272385776,27.37399999750778
183.06968570000026,1,0,30.93730000546202,0.18420000560581684,31.121500011067837
183.11918600002537,1,0,36.68769996147603,0.15660002827644348,36.84429998975247
183.18374420003965,1,0,32.57339994888753,0.14420005027204752,32.717599999159575
183.22760769998422,1,1,31.59960004268214,17.938199976924807,49.53780001960695
183.280558700033,1,1,35.89219995774329,1.1765999952331185,37.068799952976406
183.32513970002765,1,0,41.226600005757064,0.2145000034943223,41.441100009251386
183.37477270001546,0,0,36.32999997353181,0.004300032742321491,36.334300006274134
183.41957100003492,0,0,14.815399947110564,0.005600042641162872,14.820999989751726
183.48553130001528,0,0,24.131699989084154,0.008700008038431406,24.140399997122586
183.53484360000584,0,1,23.36779999313876,1.2939000152982771,24.661700008437037
183.58369930001209,0,0,21.766000019852072,0.025999965146183968,21.791999984998256
183.6304417999927,0,0,30.13430000282824,0.017200014553964138,30.151500017382205
